#Date,Temperatur,Luftfuktighet
2019-08-04 12:04:00,27,74
2019-08-04 12:57:36,26.3,75
2019-08-04 13:56:00,25.8,75
2019-08-04 14:59:11,25.2,75
2019-08-04 15:51:11,25.2,75
2019-08-04 16:53:35,24.9,75
2019-08-04 17:55:59,24.6,74
2019-08-04 18:58:23,24.4,74
2019-08-04 19:50:23,23.9,73
2019-08-04 20:52:47,24.9,70
2019-08-04 21:55:11,24.9,61
2019-08-04 22:57:35,24.7,61
2019-08-04 23:49:35,24.9,20
2019-08-05 00:51:59,24.6,20
2019-08-05 01:54:23,24.4,20
2019-08-05 02:56:47,24.2,20
2019-08-05 03:59:11,24,20
2019-08-05 04:51:11,23.9,43
2019-08-05 05:53:35,23.9,72
2019-08-05 06:55:59,23.9,74
2019-08-05 07:58:23,23.8,73
2019-08-05 08:50:22,24.6,74
2019-08-05 09:53:34,24.7,75
2019-08-05 10:55:58,24.8,74
2019-08-05 11:58:22,25.4,75
2019-08-05 12:50:22,25.9,75
2019-08-05 13:52:46,25.8,75
2019-08-05 14:34:22,25.6,75
2019-08-05 15:57:34,25,75
2019-08-05 16:49:34,25.1,75
2019-08-05 17:51:58,25.3,75
2019-08-05 18:54:22,25.6,74
2019-08-05 19:56:46,26.4,73
2019-08-05 20:59:10,26,69
2019-08-05 21:15:10,25.9,67
2019-08-05 22:58:22,25.5,61
2019-08-05 23:40:46,25.4,20
2019-08-06 00:49:34,25.2,20
2019-08-06 01:51:58,25.1,20
2019-08-06 02:54:21,24.9,20
2019-08-06 03:51:09,24.8,20
2019-08-06 04:57:33,24.7,49
2019-08-06 05:56:45,24.6,69
2019-08-06 06:56:45,24.6,71
2019-08-06 07:27:57,24.7,74
2019-08-06 07:27:57,24.7,74
2019-08-06 07:27:57,24.7,74
2019-08-06 07:27:57,24.7,74
2019-08-06 11:50:21,25.3,75
2019-08-06 12:43:09,25.6,75
2019-08-06 13:56:45,25.6,75
2019-08-06 14:59:09,25.7,75
2019-08-06 15:51:09,25.7,75
2019-08-06 16:53:33,25.8,75
2019-08-06 17:55:57,26.1,74
2019-08-06 18:58:21,26.2,74
2019-08-06 19:50:21,26.3,73
2019-08-06 20:52:44,26.1,70
2019-08-06 21:55:08,25.8,43
2019-08-06 22:57:32,25.6,39
2019-08-06 23:51:08,25.4,20
2019-08-07 00:54:20,25.2,20
2019-08-07 01:27:56,25.1,20
2019-08-07 02:33:32,24.9,20
2019-08-07 03:15:08,24.7,20
2019-08-07 03:15:08,24.7,20
2019-08-07 05:01:32,24.4,57
2019-08-07 06:37:32,24.3,75
2019-08-07 07:52:44,24.6,75
2019-08-07 08:13:32,24.6,74
2019-08-07 09:08:44,24.4,75
2019-08-07 10:52:44,25.1,75
2019-08-07 11:51:56,25.2,75
2019-08-07 12:16:44,25.1,75
2019-08-07 13:57:32,25.3,75
2019-08-07 13:57:32,25.3,75
2019-08-07 15:19:07,25.3,75
2019-08-07 16:42:19,25.1,73
2019-08-07 16:42:19,25.1,73
2019-08-07 16:42:19,25.1,73
2019-08-07 16:42:19,25.1,73
2019-08-07 16:42:19,25.1,73
2019-08-07 21:23:55,24.4,58
2019-08-07 22:54:19,24.2,39
2019-08-07 23:47:07,24.1,20
2019-08-08 00:49:32,23.9,20
2019-08-08 01:55:07,23.7,20
2019-08-08 02:47:55,23.6,20
2019-08-08 03:50:19,23.5,20
2019-08-08 04:55:55,23.4,33
2019-08-08 05:52:43,23.3,65
2019-08-08 06:58:19,23.4,75
2019-08-08 07:52:43,23.7,75
2019-08-08 08:55:06,24.1,75
2019-08-08 09:49:30,24,75
2019-08-08 10:55:06,24.2,75
2019-08-08 11:57:30,24.3,75
2019-08-08 12:49:30,24.3,75
2019-08-08 13:57:30,24.4,75
2019-08-08 14:50:18,24.8,75
2019-08-08 15:51:06,25,75
2019-08-08 16:52:42,25.3,75
2019-08-08 17:16:42,25.4,75
2019-08-08 18:48:42,25.6,74
2019-08-08 19:54:18,25,73
2019-08-16 17:53:20,24.2,75
2019-08-16 18:25:20,24.2,74
2019-08-16 18:49:20,24.3,75
2019-08-16 19:37:20,24,73
2019-08-16 20:59:43,23.5,59
2019-08-16 21:58:55,23.8,58
2019-08-16 22:54:55,24.1,59
2019-08-16 23:57:20,23.6,20
2019-08-17 00:46:07,23.2,20
2019-08-17 01:52:32,22.8,20
2019-08-17 02:54:07,22.6,20
2019-08-17 03:54:07,22.6,20
2019-08-17 04:51:43,22.5,20
2019-08-17 05:56:31,22.4,67
2019-08-17 06:52:31,22.6,72
2019-08-17 07:57:19,22.6,74
2019-08-17 08:53:19,22.7,72
2019-08-17 09:51:43,22.7,74
2019-08-17 10:38:55,23,75
2019-08-17 11:54:07,23.6,74
2019-08-17 12:58:55,23.7,74
2019-08-17 13:53:19,23.7,75
2019-08-17 14:56:30,23.9,74
2019-08-17 15:50:07,24.1,75
2019-08-17 16:55:42,24.6,75
2019-08-17 17:58:54,24.4,72
2019-08-17 18:50:54,23.9,73
2019-08-17 19:54:06,24.1,71
2019-08-17 20:50:54,24,64
2019-08-17 21:53:18,23.7,58
2019-08-17 22:59:42,23.5,58
2019-08-17 23:51:42,23.4,20
2019-08-18 00:58:06,23.1,20
2019-08-18 01:50:06,22.9,20
2019-08-18 02:52:30,22.8,20
2019-08-18 03:54:54,22.7,20
2019-08-18 04:58:54,22.5,34
2019-08-18 05:58:54,22.5,71
2019-08-18 06:54:54,22.6,76
2019-08-18 07:59:42,22.9,76
2019-08-18 08:58:54,23.5,75
2019-08-18 09:52:29,23.6,75
2019-08-18 10:50:54,24.2,75
2019-08-18 11:54:05,24.2,75
2019-08-18 12:57:17,24.4,75
2019-08-18 13:50:53,24.4,75
2019-08-18 14:54:05,24.8,75
2019-08-18 15:56:29,24.8,75
2019-08-18 16:58:53,24.8,74
2019-08-18 17:50:53,24.7,74
2019-08-18 18:53:17,24.4,72
2019-08-18 19:55:41,24.3,70
2019-08-18 20:58:05,24.5,61
2019-08-18 21:50:05,24.7,58
2019-08-18 22:52:29,24.6,58
2019-08-18 23:54:53,24.2,20
2019-08-19 00:57:17,23.9,20
2019-08-19 01:50:05,23.7,20
2019-08-19 02:53:17,23.5,20
2019-08-19 03:57:16,23.3,20
2019-08-19 04:56:28,23.2,29
2019-08-19 05:50:52,23.1,70
2019-08-19 06:33:16,23.1,74
2019-08-19 07:46:52,23.4,75
2019-08-19 08:56:28,23.9,75
2019-08-19 09:56:28,24,73
2019-08-19 10:51:40,24.3,74
2019-08-19 11:58:04,24.1,72
2019-08-19 12:50:04,24.1,73
2019-08-19 13:54:04,24.1,73
2019-08-19 14:56:28,24.4,73
2019-08-19 15:58:52,24.1,70
2019-08-19 16:54:52,23.8,73
2019-08-19 17:40:28,23.5,71
2019-08-19 18:55:40,23.7,69
2019-08-19 19:59:40,24.1,65
2019-08-19 20:51:40,23.9,50
2019-08-19 21:54:52,23.7,46
2019-08-19 22:57:15,23.7,45
2019-08-19 23:50:04,23.5,20
2019-08-20 00:54:03,23.2,20
2019-08-20 01:58:03,23.1,20
2019-08-20 02:49:15,22.9,20
2019-08-20 03:51:39,22.8,20
2019-08-20 04:54:03,22.7,20
2019-08-20 05:59:39,22.7,55
2019-08-20 06:39:39,22.7,70
2019-08-20 07:55:39,22.9,74
2019-08-20 08:58:03,23.5,73
2019-08-20 09:58:51,23.9,73
2019-08-20 10:44:27,23.6,72
2019-08-20 10:44:27,23.6,72
2019-08-20 12:35:39,23.1,74
2019-08-20 13:55:39,23.8,74
2019-08-20 14:30:03,24.1,74
2019-08-20 15:18:51,24,73
2019-08-20 16:59:39,23.8,72
2019-08-20 17:37:14,23.8,71
2019-08-20 18:58:02,23.9,70
2019-08-20 19:53:14,24.2,66
2019-08-20 20:56:26,24.2,48
2019-08-20 21:58:50,24.2,46
2019-08-20 22:53:14,24,20
2019-08-20 23:59:38,23.6,20
2019-08-21 00:51:38,23.4,20
2019-08-21 01:54:02,23.2,20
2019-08-21 02:57:14,23.1,20
2019-08-21 03:59:38,22.9,20
2019-08-21 04:55:38,22.8,20
2019-08-21 05:58:50,22.7,60
2019-08-21 06:59:38,22.8,70
2019-08-21 07:50:50,22.8,69
2019-08-21 08:54:50,23.2,74
2019-08-21 09:59:38,24,73
2019-08-21 10:53:14,24,73
2019-08-21 11:57:14,23.9,73
2019-08-21 12:50:02,23.8,70
2019-08-21 13:23:37,23.8,73
2019-08-21 14:22:02,23.2,74
2019-08-21 15:58:49,23.2,74
2019-08-21 16:09:13,23.2,72
2019-08-21 17:56:25,22.6,71
2019-08-21 18:58:49,22.9,70
2019-08-21 19:58:49,23.4,66
2019-08-21 19:58:49,23.4,66
2019-08-21 21:54:01,23.6,20
2019-08-21 22:56:25,23.2,20
2019-08-21 23:54:01,22.8,20
2019-08-22 00:48:25,22.6,20
2019-08-22 01:53:13,22.4,20
2019-08-22 01:53:13,22.4,20
2019-08-22 01:53:13,22.4,20
2019-08-22 01:53:13,22.4,20
2019-08-22 05:58:01,22.3,61
2019-08-22 06:14:01,22.2,62
2019-08-22 06:14:01,22.2,62
2019-08-22 08:59:37,23.4,73
2019-08-22 09:58:00,23.6,74
2019-08-22 10:46:48,23.7,74
2019-08-22 11:49:12,23.7,73
2019-08-22 11:49:12,23.7,73
2019-08-22 13:59:36,23.8,73
2019-08-22 14:42:48,23.9,73
2019-08-22 15:21:12,23.8,72
2019-08-22 16:54:00,23.8,72
2019-08-22 17:56:24,23.8,65
2019-08-22 18:50:48,23.7,64
2019-08-22 19:54:00,24,69
2019-08-22 20:57:12,23.8,60
2019-08-22 21:50:48,23.7,59
2019-08-22 22:55:36,23.6,38
2019-08-22 23:59:36,23.2,20
2019-08-23 00:58:00,22.9,20
2019-08-23 01:53:12,22.8,20
2019-08-23 02:26:00,22.8,20
2019-08-23 03:14:47,22.7,20
2019-08-23 03:14:47,22.7,20
2019-08-23 05:43:35,22.5,48
2019-08-23 06:58:47,22.6,72
2019-08-23 07:49:11,22.6,73
2019-08-23 08:49:59,22.9,75
2019-08-23 09:53:11,23.2,74
2019-08-23 09:53:11,23.2,74
2019-08-23 11:53:12,23.3,75
2019-08-23 12:59:35,23.4,75
2019-08-23 13:49:11,23.6,75
2019-08-23 14:51:35,23.6,75
2019-08-23 15:52:23,23.9,75
2019-08-23 16:55:35,24.3,75
2019-08-23 17:57:59,24.4,75
2019-08-23 18:49:59,24.6,74
2019-08-23 19:54:47,24.9,72
2019-08-23 20:57:11,24.5,59
2019-08-23 21:49:59,24.2,58
2019-08-23 22:52:22,24.3,58
2019-08-23 23:54:47,24.1,58
2019-08-24 00:57:59,23.8,20
2019-08-24 01:49:58,23.6,20
2019-08-24 02:55:34,23.4,20
2019-08-24 03:54:46,23.3,20
2019-08-24 04:53:58,23.2,20
2019-08-24 05:57:11,23.1,63
2019-08-24 06:23:34,23.1,69
2019-08-24 07:59:34,23.3,75
2019-08-24 08:57:10,23.3,74
2019-08-24 09:57:10,23.8,75
2019-08-24 10:58:46,24.3,75
2019-08-24 11:56:23,24.6,75
2019-08-24 12:40:22,24.5,75
2019-08-24 13:46:46,24.3,75
2019-08-24 14:45:58,24.3,75
2019-08-24 15:59:34,24.9,75
2019-08-24 16:52:23,25.4,74
2019-08-24 17:54:45,25.9,74
2019-08-24 18:57:57,25.8,74
2019-08-24 19:49:57,25.8,73
2019-08-24 20:52:21,25.7,60
2019-08-24 21:54:45,25.7,59
2019-08-24 22:57:09,25.8,59
2019-08-24 23:59:33,25.7,58
2019-08-25 00:09:57,25.7,58
2019-08-25 15:55:33,26,75
2019-08-25 16:54:44,26.8,74
2019-08-25 17:57:08,27.1,73
2019-08-25 18:49:56,27,73
2019-08-25 19:53:56,26.9,71
2019-08-25 20:56:20,26.5,59
2019-08-25 21:48:20,26.5,59
2019-08-25 22:57:08,26.2,20
2019-08-25 23:56:20,25.8,20
2019-08-26 00:59:32,25.4,20
2019-08-26 01:51:32,25.2,20
2019-08-26 02:53:56,25,20
2019-08-26 03:56:20,24.8,20
2019-08-26 04:59:32,24.6,20
2019-08-26 05:52:19,24.4,66
2019-08-26 06:54:44,24.3,74
2019-08-26 07:57:07,24.4,75
2019-08-26 08:50:43,24.7,75
2019-08-26 09:56:19,25.2,75
2019-08-26 10:58:43,25.1,75
2019-08-26 11:51:31,25.1,75
2019-08-26 12:53:55,25.3,75
2019-08-26 13:56:19,25.7,75
2019-08-26 14:58:43,25.9,75
2019-08-26 15:50:43,26.3,75
2019-08-26 16:53:07,26.9,75
2019-08-26 17:57:07,27.3,73
2019-08-26 18:49:07,27.3,73
2019-08-26 19:52:19,27,71
2019-08-26 20:55:31,26.6,59
2019-08-26 22:00:19,26.7,58
2019-08-26 22:45:55,26.7,58
2019-08-26 23:57:07,26.3,20
2019-08-27 00:53:06,26.1,20
2019-08-27 01:56:18,25.9,20
2019-08-27 02:58:42,25.7,20
2019-08-27 03:50:42,25.5,20
2019-08-27 04:53:06,25.3,20
2019-08-27 05:56:18,24.9,67
2019-08-27 06:58:42,24.9,74
2019-08-27 07:52:18,25,75
2019-08-27 08:58:42,25.6,75
2019-08-27 09:50:42,26.2,75
2019-08-27 10:53:06,26.1,75
2019-08-27 11:55:30,26.2,75
2019-08-27 12:49:54,26.6,75
2019-08-27 13:53:54,27.7,74
2019-08-27 14:49:54,27.7,74
2019-08-27 15:57:06,27.8,74
2019-08-27 16:51:30,27.8,74
2019-08-27 17:58:42,27.3,73
2019-08-27 18:53:05,27.2,73
2019-08-27 19:57:53,26.9,70
2019-08-27 20:49:53,26.7,45
2019-08-27 21:53:05,26.5,59
2019-08-27 22:58:41,26.9,37
2019-08-27 23:52:17,26.5,20
2019-08-28 00:57:53,26.2,20
2019-08-28 01:50:41,26,20
2019-08-28 02:53:05,25.8,20
2019-08-28 03:55:29,25.7,20
2019-08-28 04:57:53,25.6,20
2019-08-28 05:50:41,25.6,35
2019-08-28 06:53:05,25.6,62
2019-08-28 07:55:29,25.5,72
2019-08-28 08:57:53,25.4,74
2019-08-28 09:49:53,25.8,75
2019-08-28 10:53:53,26.3,75
2019-08-28 11:58:41,26.1,74
2019-08-28 12:58:41,25.7,73
2019-08-28 13:38:40,25.7,75
2019-08-28 14:54:40,25.7,74
2019-08-28 15:49:52,25.6,74
2019-08-28 16:59:28,25.9,75
2019-08-28 17:57:04,26.1,75
2019-08-28 18:58:40,26.4,74
2019-08-28 19:57:52,26.5,70
2019-08-28 20:57:52,26.3,58
2019-08-28 21:49:52,26.3,58
2019-08-28 22:52:16,26.1,20
2019-08-28 23:59:28,25.9,20
2019-08-29 00:53:52,25.7,20
2019-08-29 01:25:04,25.7,20
2019-08-29 02:50:40,25.4,20
2019-08-29 03:53:04,25.4,20
2019-08-29 04:55:28,25.3,20
2019-08-29 05:57:52,25.2,54
2019-08-29 06:49:52,25.2,73
2019-08-29 07:52:15,25.3,72
2019-08-29 08:57:03,25.9,75
2019-08-29 09:58:39,25.9,74
2019-08-29 10:51:27,25.6,75
2019-08-29 11:53:52,25.9,75
2019-08-29 12:56:15,26.1,75
2019-08-29 13:58:39,25.6,74
2019-08-29 14:51:28,25.6,75
2019-08-29 15:55:27,25.5,75
2019-08-29 16:39:27,25.6,75
2019-08-29 17:57:03,25,74
2019-08-29 18:59:27,24.9,73
2019-08-29 19:52:15,25.2,72
2019-08-29 20:54:39,25.1,40
2019-08-29 21:57:03,25.2,58
2019-08-29 22:59:27,25.1,37
2019-08-29 23:52:15,24.8,20
2019-08-30 00:54:39,24.5,20
2019-08-30 01:57:03,24.3,20
2019-08-30 02:59:26,24.1,20
2019-08-30 03:51:26,23.9,20
2019-08-30 04:53:50,23.7,20
2019-08-30 05:56:14,23.6,62
2019-08-30 06:58:38,23.6,74
2019-08-30 07:50:39,23.6,75
2019-08-30 08:55:26,24.3,75
2019-08-30 09:56:14,25,75
2019-08-30 10:58:38,24.9,75
2019-08-30 11:52:14,24.9,75
2019-08-30 12:54:38,25.1,75
2019-08-30 13:57:02,25.3,75
2019-08-30 14:49:50,25.2,75
2019-08-30 15:52:14,25,75
2019-08-30 16:54:39,24.7,75
2019-08-30 17:57:02,24.8,74
2019-08-30 18:59:26,24.9,73
2019-08-30 19:51:26,24.7,70
2019-08-30 20:53:49,24.5,39
2019-08-30 21:56:13,24.4,37
2019-08-30 22:58:37,24.3,20
2019-08-30 23:50:38,24.2,20
2019-08-31 00:53:01,24.1,20
2019-08-31 01:55:25,24.1,20
2019-08-31 02:57:49,23.9,20
2019-08-31 04:00:14,23.8,20
2019-08-31 04:54:37,23.8,20
2019-08-31 05:49:01,23.7,50
2019-08-31 06:55:25,23.6,74
2019-08-31 07:53:01,23.8,75
2019-08-31 08:59:25,24.2,75
2019-08-31 09:53:01,24.5,75
2019-08-31 10:59:25,24.4,75
2019-08-31 11:52:13,24.6,75
2019-08-31 12:56:13,24.6,74
2019-08-31 13:50:37,24.7,75
2019-08-31 14:59:25,25.2,75
2019-08-31 15:51:24,25.8,75
2019-08-31 16:53:48,26.6,75
2019-08-31 17:56:12,27.4,73
2019-08-31 18:58:36,27.4,73
2019-08-31 19:50:36,27.3,70
2019-08-31 20:53:00,26.9,58
2019-08-31 21:55:24,26.7,58
2019-08-31 22:57:48,26.8,58
2019-08-31 23:51:24,26.6,20
2019-09-01 00:57:48,26.3,20
2019-09-01 01:52:12,26.1,20
2019-09-01 02:45:48,25.9,20
2019-09-01 03:53:48,25.8,20
2019-09-01 04:55:24,25.7,20
2019-09-01 05:59:24,25.6,34
2019-09-01 06:51:24,25.6,71
2019-09-01 07:58:36,25.7,75
2019-09-01 08:44:12,25.6,75
2019-09-01 09:54:36,26.1,75
2019-09-01 10:46:35,26.1,75
2019-09-01 11:58:35,25.7,73
2019-09-01 12:55:23,25.6,75
2019-09-01 13:58:36,26.1,75
2019-09-01 14:53:47,25.9,75
2019-09-01 15:56:59,25.9,75
2019-09-01 16:59:23,25.7,75
2019-09-01 17:51:23,25.4,75
2019-09-01 18:56:11,25.4,73
2019-09-01 19:58:35,25.7,69
2019-09-01 20:51:23,25.6,58
2019-09-01 21:57:47,25.1,58
2019-09-01 22:51:23,24.8,20
2019-09-01 23:56:59,24.5,20
2019-09-02 00:59:23,24.2,20
2019-09-02 01:52:59,24.1,20
2019-09-02 02:56:11,23.8,20
2019-09-02 03:58:35,23.7,20
2019-09-02 04:52:10,23.6,20
2019-09-02 05:59:22,23.3,59
2019-09-02 06:49:46,23.4,74
2019-09-02 07:56:58,23.6,75
2019-09-02 08:50:34,23.7,75
2019-09-02 09:52:10,24.4,75
2019-09-02 10:51:22,24.3,75
2019-09-02 11:54:34,24.3,75
2019-09-02 12:50:34,24.2,75
2019-09-02 13:56:58,24.3,75
2019-09-02 14:49:46,24.6,75
2019-09-02 15:54:34,24.6,75
2019-09-02 16:57:46,24.3,75
2019-09-02 17:52:10,24.3,74
2019-09-02 18:58:34,24.5,74
2019-09-02 19:56:58,24.7,69
2019-09-02 20:51:22,24.3,58
2019-09-02 21:56:58,24.2,59
2019-09-02 22:59:22,24.2,20
2019-09-02 23:55:21,23.8,20
2019-09-03 00:56:09,23.4,20
2019-09-03 00:56:09,23.4,20
2019-09-03 02:53:45,23,20
2019-09-03 03:56:58,22.8,20
2019-09-03 04:44:57,22.8,20
2019-09-03 05:48:09,22.8,37
2019-09-03 06:55:21,22.8,71
2019-09-03 07:52:57,22.9,74
2019-09-03 08:50:33,22.9,75
2019-09-03 09:57:46,22.9,75
2019-09-03 10:57:45,23,76
2019-09-03 11:52:57,23.4,75
2019-09-03 12:47:21,23.5,75
2019-09-03 13:57:45,23.6,74
2019-09-03 14:52:57,23.7,75
2019-09-03 15:52:09,23.9,75
2019-09-03 16:49:45,24.3,75
2019-09-03 17:59:21,24.3,74
2019-09-03 18:56:08,24.7,74
2019-09-03 19:51:21,24.7,70
2019-09-03 20:56:08,24.3,58
2019-09-03 21:59:20,24.1,58
2019-09-03 22:51:20,23.7,38
2019-09-03 23:54:32,23.5,20
2019-09-04 00:56:56,23.1,20
2019-09-04 01:50:32,22.9,20
2019-09-04 02:55:20,22.8,20
2019-09-04 03:57:44,22.6,20
2019-09-04 04:50:32,22.4,20
2019-09-04 05:53:44,22.5,51
2019-09-04 06:56:08,22.7,74
2019-09-04 08:00:10,22.6,75
2019-09-04 08:53:44,23.1,75
2019-09-04 09:56:56,23.5,74
2019-09-04 10:50:32,23.6,74
2019-09-04 11:51:20,23.3,73
2019-09-04 12:56:08,23.5,75
2019-09-04 13:52:08,23.6,75
2019-09-04 14:56:07,23.4,75
2019-09-04 16:00:11,23.3,75
2019-09-04 16:52:56,22.9,74
2019-09-04 17:58:31,22.8,74
2019-09-04 18:20:07,22.8,74
2019-09-04 19:54:31,22.9,64
2019-09-04 20:44:55,22.8,39
2019-09-04 21:44:55,22.7,59
2019-09-04 22:49:43,22.6,20
2019-09-04 23:48:07,22.4,20
2019-09-05 01:00:07,22.3,20
2019-09-05 01:53:43,22.2,20
2019-09-05 02:56:55,22.1,20
2019-09-05 03:50:31,22,20
2019-09-05 04:53:43,22,20
2019-09-05 05:56:55,21.9,49
2019-09-05 06:50:31,21.9,75
2019-09-05 07:53:43,22.2,76
2019-09-05 08:57:43,22.6,76
2019-09-05 09:51:18,22.6,76
2019-09-05 10:55:18,22.7,76
2019-09-05 11:57:42,22.8,76
2019-09-05 12:51:18,22.8,76
2019-09-05 13:53:42,22.8,76
2019-09-05 14:51:18,22.9,76
2019-09-05 15:56:06,23,76
2019-09-05 16:59:18,23.2,75
2019-09-05 17:51:18,23.4,74
2019-09-05 18:54:30,23.2,74
2019-09-05 19:58:30,23,67
2019-09-05 20:54:30,22.8,59
2019-09-05 21:54:30,22.9,59
2019-09-05 22:56:54,22.9,59
2019-09-06 00:00:08,22.7,20
2019-09-06 00:52:54,22.4,20
2019-09-06 01:56:06,22.4,20
2019-09-06 02:58:30,22.3,20
2019-09-06 03:50:30,22.1,20
2019-09-06 04:52:54,22.1,20
2019-09-06 05:56:05,22,48
2019-09-06 06:58:29,22.1,75
2019-09-06 07:50:29,22.1,74
2019-09-06 08:52:54,22.7,74
2019-09-06 09:56:05,23.1,75
2019-09-06 10:50:30,23.2,75
2019-09-06 11:55:17,23.2,75
2019-09-06 12:58:29,23.5,75
2019-09-06 13:50:29,23.7,75
2019-09-06 14:53:41,23.8,75
2019-09-06 15:56:05,23.8,75
2019-09-06 16:56:53,23.6,75
2019-09-06 17:54:29,23.6,74
2019-09-06 18:52:05,23.4,73
2019-09-06 19:57:41,23.1,64
2019-09-06 20:56:54,22.9,59
2019-09-06 21:51:17,22.8,59
2019-09-06 22:49:41,22.9,20
2019-09-06 23:58:29,22.6,20
2019-09-07 00:43:16,22.5,20
2019-09-07 01:47:16,22.3,20
2019-09-07 02:42:28,22.3,20
2019-09-07 03:46:28,22.2,20
2019-09-07 04:40:52,22.1,20
2019-09-07 05:50:28,22.1,35
2019-09-07 06:57:40,21.9,71
2019-09-07 07:50:28,22.2,76
2019-09-07 08:53:40,22.4,75
2019-09-07 09:52:04,22.8,76
2019-09-07 10:38:28,23.2,75
2019-09-07 11:56:04,23.8,75
2019-09-07 12:58:28,24.3,75
2019-09-07 13:52:52,24.6,75
2019-09-07 14:52:52,24.9,74
2019-09-07 15:57:40,25.4,75
2019-09-07 17:00:04,25.1,75
2019-09-07 17:52:04,25.2,74
2019-09-07 18:54:28,24.9,74
2019-09-07 19:56:51,24.8,65
2019-09-07 20:59:16,24.4,58
2019-09-07 21:52:04,24.1,58
2019-09-07 22:56:03,24,20
2019-09-07 23:58:27,23.6,20
2019-09-08 00:50:27,23.4,20
2019-09-08 01:54:27,23.1,20
2019-09-08 02:59:15,22.9,20
2019-09-08 03:52:51,22.9,20
2019-09-08 04:55:15,22.7,20
2019-09-08 05:57:39,22.7,45
2019-09-08 07:00:03,22.7,75
2019-09-08 07:52:03,22.9,76
2019-09-08 08:48:51,23.2,75
2019-09-08 10:00:03,24.1,75
2019-09-08 10:56:03,24.1,75
2019-09-08 11:40:51,24.4,74
2019-09-08 12:53:39,24.4,75
2019-09-08 13:58:27,24.4,74
2019-09-08 14:51:14,24.5,75
2019-09-08 15:55:14,24.7,74
2019-09-08 16:55:15,24.7,70
2019-09-08 17:59:14,24.9,73
2019-09-08 19:00:02,24.8,70
2019-09-08 19:52:03,24.6,65
2019-09-08 20:56:03,24.3,37
2019-09-08 21:58:26,23.9,37
2019-09-08 22:50:26,23.8,20
2019-09-08 23:52:50,23.6,20
2019-09-09 00:55:14,23.3,20
2019-09-09 01:57:38,23.1,20
2019-09-09 03:00:02,23.1,20
2019-09-09 03:52:02,22.9,20
2019-09-09 04:54:26,22.8,20
2019-09-09 05:57:38,22.7,39
2019-09-09 06:51:14,22.8,74
2019-09-09 07:47:14,22.8,75
2019-09-09 08:57:38,23,76
2019-09-09 09:52:50,23.4,75
2019-09-09 10:46:25,23.7,75
2019-09-09 11:42:25,23.6,75
2019-09-09 12:55:13,23.6,74
2019-09-09 13:57:37,24,75
2019-09-09 15:00:01,23.8,75
2019-09-09 15:52:01,23.5,72
2019-09-09 16:54:25,23.4,74
2019-09-09 17:56:49,23.4,73
2019-09-09 19:00:01,23.7,71
2019-09-09 19:52:01,23.8,60
2019-09-09 20:54:25,24.1,59
2019-09-09 21:57:37,23.9,58
2019-09-09 23:00:01,23.7,56
2019-09-09 23:52:01,23.4,20
2019-09-10 00:54:25,23,20
2019-09-10 01:56:49,22.8,20
2019-09-10 02:59:13,22.7,20
2019-09-10 03:51:13,22.6,20
2019-09-10 04:53:37,22.5,20
2019-09-10 05:56:00,22.4,22
2019-09-10 06:58:24,22.4,64
2019-09-10 07:50:25,22.4,65
2019-09-10 08:52:48,22.3,71
2019-09-10 09:56:00,22.8,75
2019-09-10 10:58:24,23.1,75
2019-09-10 11:50:24,23.4,75
2019-09-10 12:57:36,23.9,75
2019-09-10 13:50:24,23.9,75
2019-09-10 14:55:12,23.9,75
2019-09-10 15:58:24,24,75
2019-09-10 16:50:24,24.4,75
2019-09-10 17:53:36,24.4,74
2019-09-10 18:55:12,24.4,68
2019-09-10 19:16:00,24.5,66
2019-09-10 20:08:48,24.7,60
2019-09-10 21:11:12,24.4,58
2019-09-10 22:13:36,24.2,58
2019-09-10 23:08:48,24.1,58
2019-09-11 00:11:12,24,20
2019-09-11 01:13:35,23.7,20
2019-09-11 02:16:00,23.5,20
2019-09-11 03:07:59,23.3,20
2019-09-11 04:10:24,23.2,20
2019-09-11 05:12:47,23.1,20
2019-09-11 06:15:11,23.1,38
2019-09-11 07:08:47,23.1,74
2019-09-11 08:11:11,23.1,75
2019-09-11 09:14:23,23.2,75
2019-09-11 10:17:36,23.4,75
2019-09-11 11:09:35,23.7,75
2019-09-11 12:12:47,23.8,75
2019-09-11 13:15:11,23.9,75
2019-09-11 14:13:35,23.6,75
2019-09-11 15:15:59,23.6,74
2019-09-11 16:07:59,23.2,74
2019-09-11 17:11:59,23.1,73
2019-09-11 18:15:59,22.9,71
2019-09-11 19:11:11,22.7,68
2019-09-11 20:15:10,22.7,59
2019-09-11 21:17:34,22.8,59
2019-09-11 22:09:34,22.7,20
2019-09-11 23:11:58,22.6,20
2019-09-12 00:14:22,22.4,20
2019-09-12 01:16:46,22.3,20
2019-09-12 02:08:46,22.2,20
2019-09-12 03:11:10,22.1,20
2019-09-12 04:13:34,22.1,20
2019-09-12 05:16:46,21.9,20
2019-09-12 06:10:22,21.9,42
2019-09-12 07:17:34,22.1,75
2019-09-12 08:09:34,22.3,76
2019-09-12 09:15:10,22.6,76
2019-09-12 10:17:34,23.1,75
2019-09-12 11:11:10,23.6,75
2019-09-12 12:13:34,23.8,75
2019-09-12 13:16:46,23.9,75
2019-09-12 14:08:46,23.7,75
2019-09-12 15:11:10,23.6,75
2019-09-12 16:15:57,23.7,75
2019-09-12 17:08:45,23.6,74
2019-09-12 18:13:33,23.2,73
2019-09-12 19:15:57,23.2,69
2019-09-12 20:17:33,23.1,59
2019-09-12 21:09:33,23.1,59
2019-09-12 22:11:57,23.2,37
2019-09-12 23:14:21,22.9,20
2019-09-13 00:05:33,22.7,20
2019-09-13 00:05:33,22.7,20
2019-09-13 02:07:57,22.3,20
2019-09-13 03:16:45,22.2,20
2019-09-13 03:38:21,22.2,20
2019-09-13 05:09:33,22,20
2019-09-13 05:59:57,21.9,37
2019-09-13 06:54:21,22,73
2019-09-13 06:54:21,22,73
2019-09-13 09:06:21,22.8,76
2019-09-13 10:11:09,22.8,76
2019-09-13 11:13:32,22.8,76
2019-09-13 12:15:56,22.8,76
2019-09-13 13:07:56,22.8,76
2019-09-13 14:13:32,23,76
2019-09-13 15:16:44,23.6,74
2019-09-13 16:12:44,23.9,75
2019-09-13 16:12:44,23.9,75
2019-09-13 18:11:10,24,74
2019-09-13 19:14:20,23.7,70
2019-09-13 20:17:32,23.3,39
2019-09-13 21:09:32,23.4,58
2019-09-13 22:16:44,23.3,37
2019-09-13 23:09:32,22.9,38
2019-09-14 00:12:44,22.8,20
2019-09-14 01:07:56,22.6,20
2019-09-14 02:17:32,22.4,20
2019-09-14 03:06:20,22.3,20
2019-09-14 03:46:20,22.3,20
2019-09-14 05:13:32,22.1,20
2019-09-14 06:12:44,22.1,45
2019-09-14 07:15:07,22.1,74
2019-09-14 08:17:31,22.4,76
2019-09-14 09:09:31,22.6,76
2019-09-14 10:11:55,22.8,76
2019-09-14 11:07:07,23.1,75
2019-09-14 12:11:07,23.3,75
2019-09-14 13:05:31,23.6,75
2019-09-14 14:11:55,23.8,74
2019-09-14 15:14:19,23.8,74
2019-09-14 16:17:31,23.9,75
2019-09-14 17:09:31,23.7,74
2019-09-14 18:11:55,23.3,73
2019-09-14 19:15:07,22.9,66
2019-09-14 20:17:31,22.6,38
2019-09-14 21:10:19,22.5,38
2019-09-14 22:14:19,22.3,38
2019-09-14 23:17:31,22.2,20
2019-09-15 00:12:43,22.1,20
2019-09-15 01:17:31,22.1,20
2019-09-15 02:11:55,22,20
2019-09-15 03:15:54,21.9,20
2019-09-15 04:08:42,21.9,20
2019-09-15 05:15:54,21.8,20
2019-09-15 06:07:54,21.7,20
2019-09-15 07:11:06,21.6,65
2019-09-15 08:15:54,21.7,72
2019-09-15 09:08:42,21.9,76
2019-09-15 10:11:54,22.3,75
2019-09-15 11:13:30,22.8,76
2019-09-15 12:13:30,22.9,76
2019-09-15 13:09:30,22.9,76
2019-09-15 13:55:55,22.9,76
2019-09-15 15:17:30,23.2,75
2019-09-15 15:59:06,23.2,75
2019-09-15 17:11:06,22.9,75
2019-09-15 18:13:30,23.3,74
2019-09-15 19:17:30,23.3,68
2019-09-15 20:09:30,23,60
2019-09-15 21:12:42,22.8,60
2019-09-15 22:09:29,22.8,38
2019-09-15 23:12:42,22.3,20
2019-09-16 00:16:41,21.9,20
2019-09-16 01:10:17,21.9,20
2019-09-16 02:15:05,21.6,20
2019-09-16 03:11:05,21.6,20
2019-09-16 04:15:53,21.3,20
2019-09-16 05:09:30,21.3,20
2019-09-16 06:12:41,21.2,43
2019-09-16 07:16:41,21.3,75
2019-09-16 08:09:29,21.5,75
2019-09-16 09:11:53,21.8,76
2019-09-16 10:15:54,22.1,76
2019-09-16 11:10:17,22.4,76
2019-09-16 12:12:41,22.3,76
2019-09-16 13:16:41,22.5,76
2019-09-16 14:09:29,22.7,76
2019-09-16 15:06:17,22.8,76
2019-09-16 16:11:05,22.7,76
2019-09-16 17:15:53,22.8,76
2019-09-16 18:15:04,22.8,75
2019-09-16 19:07:53,23.1,70
2019-09-16 20:10:16,23.1,59
2019-09-16 21:07:52,23.3,59
2019-09-16 22:10:16,22.8,20
2019-09-16 22:10:16,22.8,20
2019-09-17 00:16:40,22.1,20
2019-09-17 01:11:53,22,20
2019-09-17 02:15:04,21.8,20
2019-09-17 03:07:52,21.7,20
2019-09-17 04:15:53,21.5,20
2019-09-17 05:08:40,21.4,20
2019-09-17 06:11:04,21.4,37
2019-09-17 07:13:28,21.5,74
2019-09-17 08:15:52,21.7,76
2019-09-17 09:07:52,22.4,76
2019-09-17 10:15:52,22.9,76
2019-09-17 10:36:40,22.8,75
2019-09-17 12:07:52,22.5,75
2019-09-17 13:10:16,22.6,75
2019-09-17 14:12:39,22.6,76
2019-09-17 15:15:03,22.6,76
2019-09-17 16:17:27,22.8,71
2019-09-17 17:09:27,22.5,75
2019-09-17 18:11:51,22.4,75
2019-09-17 19:14:15,22.7,69
2019-09-17 20:12:39,22.8,60
2019-09-17 21:15:51,23,38
2019-09-17 22:08:39,22.5,39
2019-09-17 23:11:03,22.4,60
2019-09-18 00:13:27,22.6,20
2019-09-18 01:15:51,22.4,20
2019-09-18 02:07:51,22.3,20
2019-09-18 03:11:03,22.3,20
2019-09-18 04:15:04,22.2,20
2019-09-18 05:09:27,21.6,20
2019-09-18 06:12:39,21.8,38
2019-09-18 07:07:51,21.7,73
2019-09-18 08:12:39,22.1,75
2019-09-18 09:08:39,23.2,75
2019-09-18 10:17:26,23.5,75
2019-09-18 11:10:14,23.6,74
2019-09-18 12:13:26,23.1,74
2019-09-18 13:07:50,22.9,75
2019-09-18 14:11:02,22.4,75
2019-09-18 15:07:02,22.5,75
2019-09-18 16:15:02,22.8,75
2019-09-18 17:07:50,23.1,74
2019-09-18 18:10:14,23.1,74
2019-09-18 19:12:38,22.9,70
2019-09-18 20:15:50,22.8,60
2019-09-18 21:11:50,22.6,60
2019-09-18 22:14:14,22.4,38
2019-09-18 23:16:38,22.4,20
2019-09-19 00:16:38,22.4,20
2019-09-19 01:10:14,22.3,20
2019-09-19 02:15:50,22.3,20
2019-09-19 03:09:26,22.2,20
2019-09-19 04:12:38,22.2,20
2019-09-19 05:16:38,22.2,20
2019-09-19 06:09:25,22.1,31
2019-09-19 07:17:25,21.9,74
2019-09-19 08:15:01,21.9,75
2019-09-19 09:11:01,22.4,76
2019-09-19 10:15:49,23.2,75
2019-09-19 11:07:49,23.4,75
2019-09-19 11:50:13,23.6,75
2019-09-19 13:11:49,23.4,75
2019-09-19 14:17:25,23.8,75
2019-09-19 15:10:13,23.7,75
2019-09-19 16:10:13,23.3,75
2019-09-19 17:15:49,22.9,75
2019-09-19 18:09:25,22.5,75
2019-09-19 19:11:49,22.2,68
2019-09-19 20:13:25,22,60
2019-09-19 21:15:01,21.9,20
2019-09-19 22:07:49,21.9,20
2019-09-19 23:11:01,21.9,20
2019-09-20 00:16:37,21.9,20
2019-09-20 01:08:37,21.9,20
2019-09-20 02:11:50,21.8,20
2019-09-20 03:15:49,21.9,20
2019-09-20 04:07:48,21.9,20
2019-09-20 05:10:12,21.9,20
2019-09-20 06:15:00,21.8,25
2019-09-20 07:14:12,21.7,73
2019-09-20 08:08:36,21.8,75
2019-09-20 09:15:00,22.1,75
2019-09-20 10:17:24,22.5,76
2019-09-20 11:09:25,22.4,76
2019-09-20 12:13:24,22.6,76
2019-09-20 12:54:12,22.6,76
2019-09-20 14:08:36,22.5,76
2019-09-20 15:17:24,22.7,75
2019-09-20 16:09:24,22.8,75
2019-09-20 17:11:49,22.9,74
2019-09-20 18:14:12,22.7,73
2019-09-20 19:16:36,22.4,65
2019-09-20 20:08:36,22.3,39
2019-09-20 21:11:48,22.2,20
2019-09-20 22:14:11,22.1,20
2019-09-20 23:16:37,21.9,20
2019-09-21 00:12:35,21.8,20
2019-09-21 01:14:59,21.8,20
2019-09-21 02:07:47,21.7,20
2019-09-21 03:10:11,21.8,20
2019-09-21 04:12:35,21.7,20
2019-09-21 05:14:59,21.7,20
2019-09-21 06:07:47,21.6,23
2019-09-21 07:10:59,21.7,73
2019-09-21 08:13:23,22,76
2019-09-21 09:15:47,22.4,76
2019-09-21 10:08:35,22.7,76
2019-09-21 11:12:35,22.7,76
2019-09-21 12:07:47,22.5,75
2019-09-21 13:13:23,22.6,75
2019-09-21 14:16:35,22.8,75
2019-09-21 15:14:11,22.8,75
2019-09-21 16:06:59,23.2,74
2019-09-21 17:10:59,23.6,74
2019-09-21 18:14:58,23.8,74
2019-09-21 19:17:23,23.7,66
2019-09-21 20:10:11,23.6,38
2019-09-21 21:12:34,23.4,37
2019-09-21 22:14:58,23.2,20
2019-09-21 23:17:23,23.1,20
2019-09-22 00:10:10,23,20
2019-09-22 01:14:10,22.9,20
2019-09-22 02:16:34,22.8,20
2019-09-22 03:08:34,22.7,20
2019-09-22 04:10:58,22.6,20
2019-09-22 05:13:22,22.6,20
2019-09-22 06:15:46,22.4,24
2019-09-22 07:07:46,22.4,70
2019-09-22 08:10:58,22.6,76
2019-09-22 09:14:11,22.7,76
2019-09-22 10:04:34,22.9,76
2019-09-22 11:10:10,23.1,75
2019-09-22 12:10:10,22.9,75
2019-09-22 13:14:09,22.8,75
2019-09-22 14:10:57,23,75
2019-09-22 15:14:57,23.3,75
2019-09-22 16:07:45,23.6,74
2019-09-22 17:17:21,24.1,74
2019-09-22 18:03:45,24.3,74
2019-09-22 18:03:45,24.3,74
2019-09-22 18:03:45,24.3,74
2019-09-22 18:03:45,24.3,74
2019-09-22 21:52:33,23.9,59
2019-09-22 23:12:33,23.7,20
2019-09-23 00:05:21,23.5,20
2019-09-23 01:10:09,23.4,20
2019-09-23 01:20:33,23.4,20
2019-09-23 01:20:33,23.4,20
2019-09-23 01:20:33,23.4,20
2019-09-23 05:14:09,22.9,20
2019-09-23 06:16:33,22.8,31
2019-09-23 07:08:33,22.8,68
2019-09-23 08:13:21,22.8,75
2019-09-23 09:11:44,23.1,75
2019-09-23 10:14:56,23.8,75
2019-09-23 11:17:20,23.5,74
2019-09-23 12:09:20,23.4,74
2019-09-23 13:13:20,23.4,74
2019-09-23 14:16:32,23.7,74
2019-09-23 14:16:32,23.7,74
2019-09-23 16:05:20,24,74
2019-09-23 17:13:20,24.4,74
2019-09-23 18:17:20,23.9,74
2019-09-23 19:11:44,24,65
2019-09-23 20:09:20,23.9,38
2019-09-23 21:11:44,23.7,38
2019-09-23 22:14:08,23.5,20
2019-09-23 23:06:56,23.4,20
2019-09-24 00:10:08,23.2,20
2019-09-24 01:12:32,23.2,20
2019-09-24 02:17:20,23.1,20
2019-09-24 03:09:20,23.2,20
2019-09-24 04:12:31,23,20
2019-09-24 05:14:55,23,20
2019-09-24 06:07:43,22.9,60
2019-09-24 07:10:07,22.9,66
2019-09-24 08:12:31,23.1,72
2019-09-24 09:14:56,22.9,75
2019-09-24 10:17:21,22.9,75
2019-09-24 11:09:19,22.9,75
2019-09-24 12:11:43,22.8,76
2019-09-24 13:14:07,22.8,75
2019-09-24 14:17:19,22.7,75
2019-09-24 15:09:19,22.7,76
2019-09-24 16:12:31,22.6,75
2019-09-24 17:08:31,22.4,72
2019-09-24 18:14:55,22.3,70
2019-09-24 19:17:19,22.3,61
2019-09-24 20:09:19,22.3,60
2019-09-24 21:14:07,22.3,39
2019-09-24 22:08:31,22.2,39
2019-09-24 23:11:43,22.3,60
2019-09-25 00:14:06,22.2,20
2019-09-25 01:17:18,22,20
2019-09-25 02:09:18,22,20
2019-09-25 03:13:18,21.9,20
2019-09-25 04:16:30,21.9,20
2019-09-25 05:08:30,21.8,20
2019-09-25 06:11:42,21.8,20
2019-09-25 07:14:06,21.8,68
2019-09-25 08:17:18,21.8,74
2019-09-25 09:12:30,22.4,76
2019-09-25 09:39:42,22.5,76
2019-09-25 11:09:18,23,76
2019-09-25 12:13:18,23.1,75
2019-09-25 13:15:43,23.1,75
2019-09-25 14:07:42,23.4,75
2019-09-25 15:13:18,23.1,74
2019-09-25 16:16:30,22.9,75
2019-09-25 17:08:30,22.6,74
2019-09-25 18:13:18,22.3,73
2019-09-25 19:08:30,22.2,65
2019-09-25 20:14:06,22.1,60
2019-09-25 21:17:17,21.9,60
2019-09-25 22:10:05,21.8,20
2019-09-25 23:12:29,21.8,20
2019-09-26 00:14:53,21.6,20
2019-09-26 01:17:17,21.6,20
2019-09-26 02:09:17,21.4,20
2019-09-26 03:11:41,21.5,20
2019-09-26 04:14:05,21.3,20
2019-09-26 05:17:17,21.4,20
2019-09-26 06:09:17,21.3,20
2019-09-26 06:51:41,21.3,61
2019-09-26 08:15:41,21.9,75
2019-09-26 09:09:17,22.1,75
2019-09-26 09:42:05,22,75
2019-09-26 09:42:05,22,75
2019-09-26 12:11:41,22.7,76
2019-09-26 13:06:05,22.5,76
2019-09-26 14:11:41,22.5,76
2019-09-26 15:14:05,22.3,76
2019-09-26 16:16:28,22.2,75
2019-09-26 17:09:16,22.1,74
2019-09-26 18:12:28,22.1,71
2019-09-26 19:15:40,22,61
2019-09-26 20:08:28,22.1,60
2019-09-26 21:10:52,22.3,60
2019-09-26 22:14:04,22.4,60
2019-09-26 23:16:28,22.1,20
2019-09-27 00:09:16,21.9,20
2019-09-27 01:12:28,21.8,20
2019-09-27 02:06:52,21.7,20
2019-09-27 03:17:16,21.7,20
2019-09-27 04:10:04,21.5,20
2019-09-27 05:14:04,21.5,20
2019-09-27 06:16:28,21.4,20
2019-09-27 07:09:16,21.4,49
2019-09-27 08:12:28,21.6,69
2019-09-27 09:16:28,21.9,73
2019-09-27 15:13:15,21.9,75
2019-09-27 16:15:39,22.1,75
2019-09-27 17:07:39,22.3,75
2019-09-27 18:07:39,22.4,74
2019-09-27 19:10:03,22.2,56
2019-09-27 20:12:27,21.9,38
2019-09-27 21:14:51,21.7,39
2019-09-27 22:07:39,21.9,60
2019-09-27 23:10:03,22.1,60
2019-09-28 00:15:39,22,20
2019-09-28 01:10:03,21.8,20
2019-09-28 02:12:27,21.8,20
2019-09-28 03:14:51,21.7,20
2019-09-28 04:17:15,21.7,20
2019-09-28 05:09:15,21.6,20
2019-09-28 06:12:27,21.4,20
2019-09-28 06:12:27,21.4,20
2019-09-28 06:12:27,21.4,20
2019-09-28 06:12:27,21.4,20
2019-09-28 06:12:27,21.4,20
2019-09-28 11:11:38,22.2,76
2019-09-28 12:14:03,22.4,76
2019-09-28 13:10:02,22.6,76
2019-09-28 14:03:38,22.6,76
2019-09-28 15:12:26,22.7,76
2019-09-28 16:16:26,22.5,75
2019-09-28 17:10:50,22.6,75
2019-09-28 18:13:14,22.4,73
2019-09-28 19:16:27,22.2,60
2019-09-28 20:08:26,22.1,60
2019-09-28 21:10:50,22.1,60
2019-09-28 22:14:02,22.1,39
2019-09-28 23:17:14,22,20
2019-09-29 00:10:02,21.9,20
2019-09-29 01:12:26,21.8,20
2019-09-29 02:14:50,21.7,20
2019-09-29 03:17:14,21.8,20
2019-09-29 04:09:14,21.7,20
2019-09-29 05:12:25,21.6,20
2019-09-29 06:16:26,21.6,20
2019-09-29 07:09:13,21.4,68
2019-09-29 08:13:13,21.8,75
2019-09-29 09:17:13,22,76
2019-09-29 10:09:13,22.3,76
2019-09-29 11:12:25,23,75
2019-09-29 12:14:49,23,76
2019-09-29 12:26:01,23.1,75
2019-09-29 13:46:49,22.8,76
2019-09-29 15:10:49,22.8,75
2019-09-29 16:16:25,23,75
2019-09-29 17:10:49,23,74
2019-09-29 18:13:13,22.5,74
2019-09-29 19:15:37,22.2,46
2019-09-29 20:09:14,22,39
2019-09-29 21:13:13,22,60
2019-09-29 22:14:01,22.1,20
2019-09-29 23:04:25,21.9,20
2019-09-29 23:04:25,21.9,20
2019-09-29 23:04:25,21.9,20
2019-09-29 23:04:25,21.9,20
2019-09-30 02:44:24,21.9,20
2019-09-30 02:44:24,21.9,20
2019-09-30 02:44:24,21.9,20
2019-09-30 06:17:12,21.8,20
2019-09-30 07:10:49,21.6,61
2019-09-30 08:14:49,21.8,74
2019-09-30 09:10:00,22.1,76
2019-09-30 10:12:24,22.9,76
2019-09-30 11:06:00,22.9,76
2019-09-30 12:10:48,23,75
2019-09-30 13:07:37,22.8,76
2019-09-30 14:10:48,22.8,76
2019-09-30 15:13:12,22.3,75
2019-09-30 16:07:36,22.4,76
2019-09-30 17:10:48,22.7,75
2019-09-30 18:13:12,23.1,73
2019-09-30 19:16:24,23.2,60
2019-09-30 20:09:12,22.8,60
2019-09-30 21:11:35,22.7,60
2019-09-30 22:14:47,23,60
2019-09-30 23:17:11,22.9,20
2019-10-01 00:09:11,22.7,20
2019-10-01 01:11:36,22.7,20
2019-10-01 02:13:59,22.2,20
2019-10-01 03:16:23,22.1,20
2019-10-01 04:08:23,22.1,20
2019-10-01 05:10:47,21.8,20
2019-10-01 06:13:11,21.8,20
2019-10-01 07:15:35,21.7,68
2019-10-01 08:07:36,21.8,75
2019-10-01 09:09:59,21.9,76
2019-10-01 10:12:23,22,76
2019-10-01 11:14:47,22.2,76
2019-10-01 12:17:11,22.1,76
2019-10-01 13:15:35,22.2,76
2019-10-01 14:08:23,22.6,76
2019-10-01 15:10:47,22.4,75
2019-10-01 16:17:11,22.7,76
2019-10-01 17:09:10,22.6,75
2019-10-01 18:11:34,22.3,73
2019-10-01 19:13:58,22.5,61
2019-10-01 20:16:22,22.8,60
2019-10-01 21:13:58,22.6,60
2019-10-01 22:09:10,22.2,39
2019-10-01 23:02:46,22.2,60
2019-10-02 00:15:34,22,20
2019-10-02 01:09:58,21.9,20
2019-10-02 02:15:34,21.9,20
2019-10-02 03:09:58,22.1,20
2019-10-02 04:16:22,22.1,20
2019-10-02 05:07:34,21.4,20
2019-10-02 06:06:46,21.9,20
2019-10-02 07:08:22,22.2,65
2019-10-02 08:09:58,22.4,75
2019-10-02 09:14:46,22.1,76
2019-10-02 10:15:34,22.5,76
2019-10-02 11:10:46,23,76
2019-10-02 12:13:10,23.1,74
2019-10-02 13:16:21,22.6,75
2019-10-02 14:08:21,22.3,75
2019-10-02 15:11:33,21.9,76
2019-10-02 16:14:46,22.4,75
2019-10-02 17:17:09,22.2,75
2019-10-02 18:15:33,21.8,71
2019-10-02 19:09:57,22.2,60
2019-10-02 20:13:09,22.7,60
2019-10-02 21:08:21,22.4,60
2019-10-02 21:57:57,22.6,20
2019-10-02 23:12:21,21.9,20
2019-10-03 00:09:57,21.8,20
2019-10-03 01:15:33,21.5,20
2019-10-03 02:08:21,21.6,20
2019-10-03 03:11:33,21.7,20
2019-10-03 04:14:45,21.5,20
2019-10-03 05:17:09,21.2,20
2019-10-03 06:14:45,21.1,20
2019-10-03 07:09:09,21.2,58
2019-10-03 08:13:57,21.3,75
2019-10-03 08:58:45,21.5,76
2019-10-03 10:02:44,21.7,76
2019-10-03 11:07:32,22.1,75
2019-10-03 12:16:20,22.7,76
2019-10-03 13:13:08,22.9,76
2019-10-03 14:13:08,22.5,76
2019-10-03 15:16:20,22.4,76
2019-10-03 16:08:21,22.8,76
2019-10-03 17:10:45,23.1,74
2019-10-03 18:13:08,22.9,71
2019-10-03 19:15:32,22.5,41
2019-10-03 20:08:20,22.7,60
2019-10-03 21:11:32,22.8,60
2019-10-03 22:15:32,23.2,59
2019-10-03 23:07:32,23.3,20
2019-10-04 00:13:08,22.6,20
2019-10-04 01:16:20,22.4,20
2019-10-04 02:08:20,22.3,20
2019-10-04 03:11:32,22.1,20
2019-10-04 04:13:56,22,20
2019-10-04 05:17:07,22,20
2019-10-04 06:09:07,21.9,20
2019-10-04 07:11:31,21.8,50
2019-10-04 08:13:55,21.8,74
2019-10-04 09:07:31,22.2,75
2019-10-04 09:53:07,22.2,74
2019-10-04 09:53:07,22.2,74
2019-10-04 12:00:19,22.2,75
2019-10-04 12:57:55,22.4,76
2019-10-04 13:54:43,22.2,75
2019-10-04 13:54:43,22.2,75
2019-10-04 16:10:43,21.9,75
2019-10-04 16:10:43,21.9,75
2019-10-04 18:14:43,21.7,71
2019-10-04 18:53:07,21.4,62
2019-10-04 20:14:43,21.4,60
2019-10-04 21:08:19,21.7,60
2019-10-04 22:17:07,22,60
2019-10-04 22:27:31,22,60
2019-10-05 00:09:55,22.1,20
2019-10-05 01:12:19,21.8,20
2019-10-05 02:14:42,21.1,20
2019-10-05 03:17:06,21.4,20
2019-10-05 04:09:06,21.9,20
2019-10-05 05:11:30,21.8,20
2019-10-05 06:13:07,21,20
2019-10-05 07:16:18,20.9,67
2019-10-05 08:13:06,21.9,75
2019-10-05 09:14:42,22.3,75
2019-10-05 10:13:06,22.2,76
2019-10-05 10:57:06,22.1,75
2019-10-05 10:57:06,22.1,75
2019-10-05 10:57:06,22.1,75
2019-10-05 14:13:54,22.7,75
2019-10-05 15:07:30,23,75
2019-10-05 16:10:42,23.2,74
2019-10-05 17:13:54,23.2,74
2019-10-05 18:11:30,23,72
2019-10-05 19:13:06,22.4,40
2019-10-05 19:41:06,22.3,38
2019-10-05 19:41:06,22.3,38
2019-10-05 22:11:29,22.4,60
2019-10-05 23:11:29,22.6,39
2019-10-06 00:15:29,22,20
2019-10-06 01:07:29,22.2,20
2019-10-06 02:09:53,22.4,20
2019-10-06 03:12:17,22.1,20
2019-10-06 04:14:42,22.6,20
2019-10-06 05:13:05,22.7,20
2019-10-06 06:11:29,21.7,20
2019-10-06 07:13:05,22.3,62
2019-10-06 08:16:17,22.4,75
2019-10-06 09:13:53,23.1,74
2019-10-06 10:17:05,22.5,76
2019-10-06 11:10:41,22.4,75
2019-10-06 12:15:29,23.6,74
2019-10-06 13:09:05,23.7,75
2019-10-06 13:09:05,23.7,75
2019-10-06 13:09:05,23.7,75
2019-10-06 16:05:53,23.2,74
2019-10-06 17:11:29,23.6,74
2019-10-06 18:14:40,23.2,70
2019-10-06 19:17:04,22.9,60
2019-10-06 20:06:40,22.6,60
2019-10-06 21:10:40,22.6,39
2019-10-06 21:58:40,22.6,39
2019-10-06 21:58:40,22.6,39
2019-10-07 00:10:40,22.7,20
2019-10-07 01:13:04,21.9,20
2019-10-07 02:15:28,22.2,20
2019-10-07 03:07:28,21.8,20
2019-10-07 04:10:40,23,20
2019-10-07 05:13:04,23.1,20
2019-10-07 06:15:28,22.1,20
2019-10-07 07:07:28,22.1,54
2019-10-07 08:10:40,22.7,74
2019-10-07 09:16:17,23.8,74
2019-10-07 10:09:52,24.1,75
2019-10-07 11:13:52,24.1,74
2019-10-07 12:09:52,24,74
2019-10-07 13:17:04,24.1,74
2019-10-07 14:10:39,24.1,74
2019-10-07 15:15:27,23.7,74
2019-10-07 16:11:27,23.6,74
2019-10-07 17:08:15,23.3,74
2019-10-07 18:14:39,23,68
2019-10-07 19:13:51,23.4,59
2019-10-07 20:05:51,23.1,59
2019-10-07 21:17:03,22.9,60
2019-10-07 22:11:27,23,20
2019-10-07 23:13:51,22.8,20
2019-10-08 00:09:51,22.7,20
2019-10-08 01:15:27,22.6,20
2019-10-08 02:12:15,22.6,20
2019-10-08 03:16:15,22.5,20
2019-10-08 04:09:03,22.4,20
2019-10-08 05:14:39,22.4,20
2019-10-08 06:16:15,22.2,20
2019-10-08 07:08:15,21.9,39
2019-10-08 08:11:27,21.7,71
2019-10-08 09:08:15,22.2,73
2019-10-08 10:13:02,22.6,74
2019-10-08 11:17:02,22.7,75
2019-10-08 12:10:38,22.6,74
2019-10-08 13:13:02,22.3,75
2019-10-08 14:16:14,22.3,75
2019-10-08 15:08:15,22.3,74
2019-10-08 16:11:26,22.2,75
2019-10-08 17:16:14,22.2,75
2019-10-08 18:07:26,22.3,71
2019-10-08 19:13:50,22.2,39
2019-10-08 20:13:02,21.9,39
2019-10-08 21:17:02,21.8,39
2019-10-08 22:05:02,21.9,39
2019-10-08 23:13:50,21.8,60
2019-10-09 00:17:02,21.8,20
2019-10-09 01:09:50,21.8,20
2019-10-09 02:12:14,21.8,20
2019-10-09 03:15:26,21.8,20
2019-10-09 04:08:14,21.8,20
2019-10-09 05:10:38,21.8,20
2019-10-09 06:14:37,21.6,20
2019-10-09 07:17:02,21.6,57
2019-10-09 08:09:01,21.7,74
2019-10-09 09:13:49,22.1,76
2019-10-09 10:09:01,22.7,76
2019-10-09 11:11:25,22.9,76
2019-10-09 12:14:37,22.7,76
2019-10-09 13:17:02,22.4,76
2019-10-09 14:05:01,22.5,76
2019-10-09 15:17:01,22.3,76
2019-10-09 16:12:13,22.6,76
2019-10-09 17:14:37,22.7,74
2019-10-09 18:08:13,22.3,70
2019-10-09 19:13:49,22.6,60
2019-10-09 20:17:01,22.8,60
2019-10-09 21:09:49,22.7,60
2019-10-09 22:13:01,22.7,20
2019-10-09 23:09:49,22.2,20
2019-10-09 23:34:37,22.2,20
2019-10-09 23:34:37,22.2,20
2019-10-10 02:08:12,21.9,20
2019-10-10 03:11:24,21.7,20
2019-10-10 03:56:12,21.7,20
2019-10-10 05:09:00,21.8,20
2019-10-10 06:17:00,21.7,20
2019-10-10 07:09:00,21.8,47
2019-10-10 08:11:24,21.7,73
2019-10-10 09:13:48,21.9,75
2019-10-10 10:16:12,22.1,76
2019-10-10 11:08:12,22.3,76
2019-10-10 12:10:36,22.3,76
2019-10-10 13:13:48,22.2,76
2019-10-10 14:05:48,22.5,76
2019-10-10 15:13:48,22.8,76
2019-10-10 15:13:48,22.8,76
2019-10-10 15:13:48,22.8,76
2019-10-10 15:13:48,22.8,76
2019-10-10 15:13:48,22.8,76
2019-10-10 15:13:48,22.8,76
2019-10-10 15:13:48,22.8,76
2019-10-10 15:13:48,22.8,76
2019-10-10 15:13:48,22.8,76
2019-10-10 15:13:48,22.8,76
2019-10-10 15:13:48,22.8,76
2019-10-10 15:13:48,22.8,76
2019-10-10 15:13:48,22.8,76
2019-10-10 15:13:48,22.8,76
2019-10-10 15:13:48,22.8,76
2019-10-10 15:13:48,22.8,76
2019-10-10 15:13:48,22.8,76
2019-10-10 15:13:48,22.8,76
2019-10-10 15:13:48,22.8,76
2019-10-10 15:13:48,22.8,76
2019-10-10 15:13:48,22.8,76
2019-10-10 15:13:48,22.8,76
2019-10-10 15:13:48,22.8,76
2019-10-10 15:13:48,22.8,76
2019-10-10 15:13:48,22.8,76
2019-10-10 15:13:48,22.8,76
2019-10-10 15:13:48,22.8,76
2019-10-10 15:13:48,22.8,76
2019-10-10 15:13:48,22.8,76
2019-10-10 15:13:48,22.8,76
2019-10-10 15:13:48,22.8,76
2019-10-10 15:13:48,22.8,76
2019-10-10 15:13:48,22.8,76
2019-10-10 15:13:48,22.8,76
2019-10-10 15:13:48,22.8,76
2019-10-10 15:13:48,22.8,76
2019-10-10 15:13:48,22.8,76
2019-10-10 15:13:48,22.8,76
2019-10-10 15:13:48,22.8,76
2019-10-10 15:13:48,22.8,76
2019-10-10 15:13:48,22.8,76
2019-10-10 15:13:48,22.8,76
2019-10-10 15:13:48,22.8,76
2019-10-10 15:13:48,22.8,76
2019-10-10 15:13:48,22.8,76
2019-10-10 15:13:48,22.8,76
2019-10-10 15:13:48,22.8,76
2019-10-10 15:13:48,22.8,76
2019-10-10 15:13:48,22.8,76
2019-10-10 15:13:48,22.8,76
2019-10-10 15:13:48,22.8,76
2019-10-10 15:13:48,22.8,76
2019-10-10 15:13:48,22.8,76
2019-10-10 15:13:48,22.8,76
2019-10-10 15:13:48,22.8,76
2019-10-10 15:13:48,22.8,76
2019-10-10 15:13:48,22.8,76
2019-10-10 15:13:48,22.8,76
2019-10-10 15:13:48,22.8,76
2019-10-10 15:13:48,22.8,76
2019-10-10 15:13:48,22.8,76
2019-10-10 15:13:48,22.8,76
2019-10-10 15:13:48,22.8,76
2019-10-10 15:13:48,22.8,76
2019-10-10 15:13:48,22.8,76
2019-10-10 15:13:48,22.8,76
2019-10-10 15:13:48,22.8,76
2019-10-10 15:13:48,22.8,76
2019-10-10 15:13:48,22.8,76
2019-10-13 12:15:33,23.3,75
2019-10-13 13:05:09,22.9,76
2019-10-13 14:06:45,22.8,76
2019-10-13 15:13:57,22.6,75
2019-10-13 16:07:33,22.5,75
2019-10-13 17:10:45,22.4,72
2019-10-13 18:17:08,22.2,62
2019-10-13 19:10:44,22.9,60
2019-10-13 20:17:08,22.8,60
2019-10-13 21:05:08,22.6,60
2019-10-13 22:07:32,22.8,36
2019-10-13 23:09:56,22.4,20
2019-10-14 00:12:20,22.4,20
2019-10-14 01:14:44,22.2,20
2019-10-14 02:17:08,22.2,20
2019-10-14 03:09:09,22.1,20
2019-10-14 04:11:32,22,20
2019-10-14 05:13:56,21.7,20
2019-10-14 06:05:56,21.4,20
2019-10-14 07:11:32,21.7,29
2019-10-14 08:14:44,21.7,68
2019-10-14 09:10:44,22.2,75
2019-10-14 10:13:08,22.2,75
2019-10-14 11:15:32,22.2,75
2019-10-14 12:07:32,21.8,74
2019-10-14 13:09:56,22.2,75
2019-10-14 14:14:43,22.6,75
2019-10-14 15:07:32,22.6,75
2019-10-14 16:10:43,22.4,73
2019-10-14 17:16:19,22.1,71
2019-10-14 18:07:31,22.3,64
2019-10-14 19:10:43,22.9,60
2019-10-14 20:13:55,22.7,60
2019-10-14 21:10:43,22.7,60
2019-10-14 22:13:55,22.5,20
2019-10-14 23:17:07,22.5,20
2019-10-15 00:17:08,22.6,20
2019-10-15 00:54:43,22.3,20
2019-10-15 01:58:43,22.3,20
2019-10-15 03:13:07,22.4,20
2019-10-15 03:13:07,22.4,20
2019-10-15 03:13:07,22.4,20
2019-10-15 05:46:43,22.3,20
2019-10-15 07:14:43,22.1,24
2019-10-15 08:09:07,22.1,60
2019-10-15 09:13:07,22.4,71
2019-10-15 10:08:19,22.6,71
2019-10-15 11:11:30,22.9,74
2019-10-15 12:13:54,22.7,75
2019-10-15 13:16:18,22.7,75
2019-10-15 14:11:30,22.9,76
2019-10-15 15:13:54,22.7,76
2019-10-15 16:08:18,22.6,75
2019-10-15 17:10:42,22.4,73
2019-10-15 18:02:42,22.3,67
2019-10-15 19:12:18,22.2,60
2019-10-15 20:14:42,22.3,36
2019-10-15 21:04:19,22.1,37
2019-10-15 22:16:18,22.2,37
2019-10-15 23:13:06,21.9,60
2019-10-16 00:13:06,22.2,20
2019-10-16 01:15:30,21.8,20
2019-10-16 02:07:30,21.8,20
2019-10-16 03:09:54,21.8,20
2019-10-16 04:14:42,21.7,20
2019-10-16 05:09:06,21.5,20
2019-10-16 06:07:31,21.9,20
2019-10-16 07:10:42,21.7,27
2019-10-16 08:13:53,21.9,66
2019-10-16 09:14:41,22.2,71
2019-10-16 09:51:29,22.1,73
2019-10-16 11:12:17,22.1,74
2019-10-16 12:12:17,22.1,75
2019-10-16 13:14:42,22.2,75
2019-10-16 14:17:05,21.8,75
2019-10-16 15:09:53,21.6,74
2019-10-16 16:02:41,21.8,74
2019-10-16 17:11:29,21.9,71
2019-10-16 17:55:29,21.8,66
2019-10-16 19:10:41,21.8,60
2019-10-16 20:07:29,22.3,60
2019-10-16 21:10:41,22.6,35
2019-10-16 22:14:41,22.5,36
2019-10-16 23:02:42,22.4,20
2019-10-16 23:52:17,22.1,20
2019-10-17 01:08:17,22.1,20
2019-10-17 02:16:17,21.9,20
2019-10-17 03:15:29,21.9,20
2019-10-17 04:10:40,21.7,20
2019-10-17 05:17:04,21.8,20
2019-10-17 06:10:40,21.7,20
2019-10-17 07:09:52,21.8,27
2019-10-17 08:12:16,21.8,68
2019-10-17 09:17:04,22.1,71
2019-10-17 10:12:17,22.5,76
2019-10-17 11:08:16,22.6,75
2019-10-17 12:12:16,22.2,75
2019-10-17 13:14:40,21.8,75
2019-10-17 14:11:28,21.9,74
2019-10-17 15:14:40,22,73
2019-10-17 16:07:28,22.2,73
2019-10-17 17:09:52,22.3,69
2019-10-17 18:15:28,22.6,62
2019-10-17 19:07:28,22.7,60
2019-10-17 20:09:52,22.4,60
2019-10-17 21:12:16,22.4,60
2019-10-17 21:53:52,22.6,35
2019-10-17 23:14:40,22.1,20
2019-10-18 00:09:03,22.2,20
2019-10-18 01:15:27,21.9,20
2019-10-18 02:08:15,22.2,20
2019-10-18 03:12:15,21.9,20
2019-10-18 04:15:27,22.1,20
2019-10-18 05:08:16,21.9,20
2019-10-18 06:10:40,22.1,20
2019-10-18 07:13:03,22.3,33
2019-10-18 08:15:27,22.4,71
2019-10-18 09:07:27,22.5,71
2019-10-18 10:09:51,22.3,74
2019-10-18 11:12:15,22.2,75
2019-10-18 12:06:39,22.3,74
2019-10-18 12:49:03,22.6,74
2019-10-18 14:11:27,22.3,72
2019-10-18 15:12:17,22.7,75
2019-10-18 16:17:03,22.8,75
2019-10-18 17:10:39,22.8,73
2019-10-18 17:59:27,22.4,63
2019-10-18 17:59:27,22.4,63
2019-10-18 20:14:39,22.2,36
2019-10-18 21:14:38,22.4,61
2019-10-18 22:07:26,22.8,60
2019-10-18 23:14:38,22.6,20
2019-10-19 00:04:14,22.1,20
2019-10-19 00:44:14,22,20
2019-10-19 01:26:38,22.1,20
2019-10-19 03:13:50,21.8,20
2019-10-19 03:13:50,21.8,20
2019-10-19 03:13:50,21.8,20
2019-10-19 03:13:50,21.8,20
2019-10-19 07:17:04,21.4,25
2019-10-19 07:17:04,21.4,25
2019-10-19 07:17:04,21.4,25
2019-10-19 10:00:14,22,76
2019-10-19 11:13:02,22.6,76
2019-10-19 12:16:14,22.6,75
2019-10-19 13:08:14,22.8,75
2019-10-19 14:05:50,22.4,75
2019-10-19 15:12:14,22.3,75
2019-10-19 16:15:26,22.1,74
2019-10-19 17:07:25,22,73
2019-10-19 18:13:01,22.1,61
2019-10-19 19:09:01,22.2,60
2019-10-19 20:12:13,22.3,60
2019-10-19 21:15:25,22.4,60
2019-10-19 22:08:13,22.3,36
2019-10-19 23:11:25,22.6,36
2019-10-20 00:05:01,22.2,20
2019-10-20 01:07:25,22.3,20
2019-10-20 02:13:01,21.8,20
2019-10-20 03:09:49,22.1,20
2019-10-20 03:51:25,21.7,20
2019-10-20 03:51:25,21.7,20
2019-10-20 03:51:25,21.7,20
2019-10-20 06:45:01,21.9,20
2019-10-20 06:45:01,21.9,20
2019-10-20 08:58:37,22.2,72
2019-10-20 10:16:13,22.4,72
2019-10-20 11:16:13,22.3,75
2019-10-20 12:13:01,22.4,75
2019-10-20 13:11:25,22.3,76
2019-10-20 14:09:00,22.1,75
2019-10-20 15:01:48,22,75
2019-10-20 16:09:48,22.1,75
2019-10-20 16:24:12,21.9,74
2019-10-20 18:08:12,22,63
2019-10-20 19:10:36,22.1,37
2019-10-20 20:13:48,22.2,60
2019-10-20 21:08:12,22.8,60
2019-10-20 22:11:24,22.9,36
2019-10-20 23:13:48,22.7,20
2019-10-21 00:16:12,22.5,20
2019-10-21 01:08:12,22.6,20
2019-10-21 02:15:24,22.1,20
2019-10-21 03:11:24,22.2,20
2019-10-21 04:16:12,22.3,20
2019-10-21 05:14:36,22.1,20
2019-10-21 06:06:36,22.1,20
2019-10-21 07:06:36,21.9,20
2019-10-21 08:03:24,22.1,62
2019-10-21 09:17:48,22.4,72
2019-10-21 10:12:59,22.8,75
2019-10-21 11:16:59,22.9,74
2019-10-21 12:08:59,22.6,75
2019-10-21 13:11:23,22.7,75
2019-10-21 14:13:47,22.7,75
2019-10-21 15:10:35,22.5,75
2019-10-21 16:15:23,22.3,72
2019-10-21 17:08:11,22.6,71
2019-10-21 18:08:11,22.7,52
2019-10-21 19:14:35,22.6,60
2019-10-21 20:08:11,22.7,60
2019-10-21 21:12:11,22.8,60
2019-10-21 22:16:59,22.9,20
2019-10-21 23:16:11,22.7,20
2019-10-22 00:12:11,22.3,20
2019-10-22 01:09:47,22.5,20
2019-10-22 02:15:23,22.2,20
2019-10-22 03:08:11,22.1,20
2019-10-22 04:11:23,22.3,20
2019-10-22 05:15:23,22.1,20
2019-10-22 06:08:11,22.1,20
2019-10-22 07:11:22,22.2,22
2019-10-22 08:13:46,22.4,67
2019-10-22 09:15:22,22.7,73
2019-10-22 10:12:10,22.9,75
2019-10-22 11:14:34,22.8,74
2019-10-22 12:07:22,22.5,75
2019-10-22 13:09:46,22.9,75
2019-10-22 14:12:10,22.5,75
2019-10-22 15:14:34,22.4,75
2019-10-22 16:16:58,22.4,73
2019-10-22 17:08:58,22.1,71
2019-10-22 18:11:22,21.9,47
2019-10-22 19:13:46,21.8,36
2019-10-22 20:16:10,21.8,36
2019-10-22 21:08:10,21.8,37
2019-10-22 22:10:34,21.7,37
2019-10-22 23:12:58,21.8,36
2019-10-23 00:15:22,21.7,20
2019-10-23 01:17:46,21.5,20
2019-10-23 01:17:46,21.5,20
2019-10-23 02:46:34,21.2,20
2019-10-23 02:46:34,21.2,20
2019-10-23 02:46:34,21.2,20
2019-10-23 06:02:33,21.3,20
2019-10-23 06:02:33,21.3,20
2019-10-23 08:16:09,21.1,66
2019-10-23 09:11:21,21.6,73
2019-10-23 10:10:33,21.8,74
2019-10-23 11:13:45,22.2,74
2019-10-23 12:16:09,21.9,75
2019-10-23 13:14:33,21.9,75
2019-10-23 14:16:57,21.9,76
2019-10-23 15:08:57,21.7,75
2019-10-23 16:11:21,21.6,74
2019-10-23 17:14:33,21.7,73
2019-10-23 18:14:33,21.3,46
2019-10-23 19:12:57,21.9,60
2019-10-23 20:17:45,22.1,37
2019-10-23 21:09:45,22.3,36
2019-10-23 22:16:09,22.2,36
2019-10-23 23:07:21,22,20
2019-10-24 00:16:08,21.8,20
2019-10-24 00:16:08,21.8,20
2019-10-24 00:16:08,21.8,20
2019-10-24 00:16:08,21.8,20
2019-10-24 00:16:08,21.8,20
2019-10-24 04:22:32,21.7,20
2019-10-24 05:39:20,21.8,20
2019-10-24 05:39:20,21.8,20
2019-10-24 05:39:20,21.8,20
2019-10-24 09:08:56,21.9,75
2019-10-24 10:12:56,22.3,75
2019-10-24 11:16:56,22.3,76
2019-10-24 12:00:08,22.2,76
2019-10-24 13:14:32,21.9,76
2019-10-24 14:08:08,22.1,75
2019-10-24 15:11:20,22.2,75
2019-10-24 16:08:08,22.1,74
2019-10-24 17:11:20,21.9,69
2019-10-24 18:16:08,21.7,38
2019-10-24 19:08:56,21.9,60
2019-10-24 20:11:19,22.2,60
2019-10-24 21:14:31,22.4,37
2019-10-24 22:16:56,22.2,37
2019-10-24 23:11:19,22.3,20
2019-10-25 00:08:07,22,20
2019-10-25 01:10:31,21.9,20
2019-10-25 01:37:43,22.1,20
2019-10-25 01:37:43,22.1,20
2019-10-25 04:15:19,21.8,20
2019-10-25 04:15:19,21.8,20
2019-10-25 06:08:55,21.5,20
2019-10-25 06:08:55,21.5,20
2019-10-25 08:01:43,21.4,51
2019-10-25 09:10:31,21.4,73
2019-10-25 10:09:43,21.7,75
2019-10-25 10:51:19,21.9,75
2019-10-25 10:51:19,21.9,75
2019-10-25 13:01:43,22.1,75
2019-10-25 14:02:31,21.8,75
2019-10-25 15:12:07,22.1,75
2019-10-25 16:13:43,21.8,74
2019-10-25 17:13:43,21.7,70
2019-10-25 18:17:43,21.7,39
2019-10-25 19:08:06,21.7,36
2019-10-25 19:42:30,21.8,36
2019-10-25 20:37:42,22.1,36
2019-10-25 21:56:06,21.8,36
2019-10-25 21:56:06,21.8,36
2019-10-25 21:56:06,21.8,36
2019-10-25 21:56:06,21.8,36
2019-10-25 21:56:06,21.8,36
2019-10-26 03:04:54,21.8,20
2019-10-26 04:02:30,21.8,20
2019-10-26 04:58:30,21.3,20
2019-10-26 06:11:18,21.4,20
2019-10-26 07:14:30,21.1,20
2019-10-26 08:17:42,21.2,60
2019-10-26 09:12:06,21.2,70
2019-10-26 10:13:42,21.4,71
2019-10-26 11:16:06,21.5,74
2019-10-26 12:15:18,22.1,75
2019-10-26 13:11:18,22.2,75
2019-10-26 14:14:29,22.6,74
2019-10-26 15:09:42,23.2,73
2019-10-26 16:14:29,22.8,71
2019-10-26 17:15:17,22.7,67
2019-10-26 18:12:53,23.2,59
2019-10-26 19:15:17,22.9,60
2019-10-26 20:15:17,23.1,59
2019-10-26 21:07:17,23,60
2019-10-26 22:14:29,23.1,59
2019-10-26 23:12:05,23.2,60
2019-10-27 00:16:53,22.8,20
2019-10-27 01:11:17,22.7,20
2019-10-27 02:15:17,22.3,20
2019-10-27 03:10:29,22.3,20
2019-10-27 04:12:53,22.3,20
2019-10-27 05:16:05,22.2,20
2019-10-27 06:08:05,22.2,20
2019-10-27 07:13:41,21.9,68
2019-10-27 08:11:17,22.1,75
2019-10-27 09:08:52,22.7,75
2019-10-27 10:14:29,23.2,74
2019-10-27 10:56:52,23,75
2019-10-27 10:56:52,23,75
2019-10-27 12:36:05,22.9,74
2019-10-27 14:16:52,23.2,74
2019-10-27 15:08:53,23.1,72
2019-10-27 16:12:52,23.4,68
2019-10-27 17:11:16,23.1,59
2019-10-27 18:16:52,23.2,59
