#Date,Nibe,Total
2025-09-27,-1,33232
2025-09-30,-1,33238
2025-10-01,-1,33250
2025-10-02,-1,33266
2025-10-03,-1,33280
2025-10-04,-1,33310
2025-10-05,-1,33339
2025-10-06,-1,33361
2025-10-07,-1,33388
2025-10-08,-1,33405
2025-10-09,-1,33423
2025-10-10,-1,33441
2025-10-11,-1,33464
2025-10-12,-1,33485
2025-10-13,-1,33504
2025-10-14,-1,33525
2025-10-15,-1,33549
2025-10-16,-1,33573
2025-10-17,-1,33595
2025-10-18,-1,33617
2025-10-19,-1,33632
2025-10-20,-1,33652
2025-10-21,-1,33672
2025-10-22,-1,33702
2025-10-23,-1,33729
2025-10-24,-1,33752
2025-10-25,-1,33769
2025-10-26,-1,33793
2025-10-27,-1,33810
2025-10-28,-1,33827
2025-10-29,-1,33845
2025-10-30,-1,33868
2025-10-31,-1,33895
2025-11-01,-1,33920
2025-11-02,-1,33948
2025-11-03,-1,33970
2025-11-04,-1,33997
2025-11-05,-1,34023
2025-11-06,-1,34043
2025-11-07,-1,34069
2025-11-08,-1,34096
2025-11-09,-1,34126
2025-11-10,-1,34148
2025-11-11,-1,34168
2025-11-12,-1,34197
2025-11-13,-1,34223
2025-11-14,-1,34259
2025-11-15,-1,34297
2025-11-16,-1,34317
2025-11-17,-1,34355
2025-11-18,-1,34393
2025-11-19,-1,34434
2025-11-20,-1,34477
2025-11-21,-1,34527
2025-11-22,-1,34548
2025-11-23,-1,34575
2025-11-24,-1,34614
2025-11-25,-1,34653
2025-11-26,-1,34687
2025-11-27,-1,34713
2025-11-28,-1,34742
2025-11-29,-1,34766
2025-11-30,-1,34796
2025-12-01,-1,34818
2025-12-02,-1,34837
2025-12-03,-1,34860
2025-12-04,-1,34886
2025-12-05,-1,34907
2025-12-06,-1,34931
2025-12-07,-1,34962
2025-12-08,-1,34989
2025-12-09,-1,35016
2025-12-10,-1,35043
2025-12-11,-1,35071
2025-12-12,-1,35089
2025-12-13,-1,35114
2025-12-14,-1,35145
2025-12-15,-1,35165
2025-12-16,-1,35187
2025-12-17,-1,35209
2025-12-18,-1,35237
2025-12-19,-1,35261
2025-12-20,-1,35290
2025-12-23,-1,35390
2025-12-24,-1,35425
2025-12-25,-1,35460
2025-12-26,-1,35484
2025-12-27,-1,35511
2025-12-28,-1,35547
2025-12-29,-1,35592
2025-12-30,-1,35631
2025-12-31,-1,35672
2026-01-01,-1,35704
2026-01-02,-1,35742
2026-01-03,-1,35796
2026-01-04,-1,35853
2026-01-05,-1,35901
2026-01-06,-1,35976
2026-01-07,-1,36016
2026-01-08,-1,36062
2026-01-09,-1,36113
2026-01-10,-1,36177
2026-01-11,-1,36270
2026-01-12,-1,36330
2026-01-13,-1,36363
2026-01-14,-1,36397
2026-01-15,-1,36429
2026-01-16,-1,36457
2026-01-17,-1,36488
2026-01-18,-1,36521
2026-01-19,-1,36559
2026-01-20,-1,36594
2026-01-21,-1,36634
2026-01-22,-1,36670
2026-01-23,-1,36710
2026-01-24,-1,36757
2026-01-25,-1,36807
2026-01-26,-1,36853
2026-01-27,-1,36898
2026-01-28,-1,36955
2026-01-29,-1,36999
2026-01-30,-1,37041
2026-01-31,-1,37084
2026-02-01,-1,37132
2026-02-02,-1,37187
2026-02-03,-1,37240
2026-02-04,-1,37290
2026-02-05,-1,37330
2026-02-06,-1,37375
2026-02-07,-1,37423
2026-02-08,-1,37468
2026-02-09,-1,37510
2026-02-10,-1,37544
2026-02-11,-1,37586
2026-02-12,-1,37632
2026-02-13,-1,37689
2026-02-14,-1,37752
2026-02-15,-1,37818
2026-02-16,-1,37866
2026-02-17,-1,37917
2026-02-18,-1,37971
2026-02-19,-1,38027
2026-02-20,-1,38077
2026-02-21,-1,38111
2026-02-22,-1,38151
2026-02-23,-1,38172
2026-02-24,-1,38199
2026-02-25,-1,38231
2026-02-26,-1,38262
2026-02-27,-1,38289
2026-02-28,-1,38325
2026-03-01,-1,38352
2026-03-02,-1,38379
2026-03-03,-1,38399
2026-03-04,-1,38417
2026-03-05,-1,38445
2026-03-06,-1,38470
2026-03-07,-1,38500
2026-03-08,-1,38526
2026-03-09,-1,38547
2026-03-10,-1,38573
2026-03-11,-1,38601
2026-03-12,-1,38622
2026-03-13,-1,38643
2026-03-14,-1,38663
2026-03-15,-1,38688
2026-03-16,-1,38705
2026-03-17,-1,38731
2026-03-18,-1,38749
2026-03-19,-1,38768
2026-03-20,-1,38790
2026-03-21,-1,38818
2026-03-22,-1,38837
2026-03-23,-1,38853
2026-03-24,-1,38878
2026-03-25,-1,38900
2026-03-26,-1,38918
2026-03-27,-1,38942
2026-03-28,-1,38963
2026-03-29,-1,38984
2026-03-30,-1,39004
2026-03-31,-1,39017
2026-04-01,-1,39036
2026-04-02,-1,39062
2026-04-03,-1,39084
2026-04-04,-1,39107
2026-04-05,-1,39127
2026-04-06,-1,39143
2026-04-07,-1,39162
2026-04-08,-1,39179
2026-04-09,-1,39191
2026-04-10,-1,39208
2026-04-11,-1,39226
2026-04-12,-1,39247
2026-04-13,-1,39260
2026-04-14,-1,39273
2026-04-15,-1,39290
2026-04-16,-1,39302
2026-04-17,-1,39317
2026-04-18,-1,39329
2026-04-19,-1,39356
2026-04-20,-1,39372
2026-04-21,-1,39385
2026-04-22,-1,39398
2026-04-23,-1,39410
2026-04-24,-1,39422
2026-04-25,-1,39433
2026-04-26,-1,39453
2026-04-27,-1,39466
2026-04-28,-1,39482
2026-04-29,-1,39495
2026-04-30,-1,39506
2026-05-01,-1,39522
2026-05-02,-1,39537
2026-05-03,-1,39556
2026-05-04,-1,39566
2026-05-05,-1,39577
2026-05-06,-1,39590
2026-05-07,-1,39603
2026-05-08,-1,39615
2026-05-09,-1,39629
2026-05-10,-1,39643
2026-05-11,-1,39653
2026-05-12,-1,39665
2026-05-13,-1,39677
2026-05-14,-1,39696
2026-05-15,-1,39712
2026-05-16,-1,39730
2026-05-17,-1,39748
2026-05-18,-1,39757
2026-05-19,-1,39769
2026-05-20,-1,39785
2026-05-21,-1,39806
2026-05-22,-1,39825
2026-05-23,-1,39847
2026-05-24,-1,39860
2026-05-25,-1,39876
2026-05-26,-1,39888
2026-05-27,-1,39898
2026-05-28,-1,39906
2026-05-29,-1,39919
2026-05-30,-1,39941
2026-05-31,-1,39963
2026-06-01,-1,39978
2026-06-02,-1,40000
2026-06-03,-1,40014
2026-06-04,-1,40039
2026-06-05,-1,40061
2026-06-06,-1,40072
2026-06-07,-1,40089
2026-06-08,-1,40105
2026-06-09,-1,40124
2026-06-10,-1,40132
2026-06-11,-1,40142
2026-06-12,-1,40154
2026-06-13,-1,40171
2026-06-14,-1,40196
2026-06-15,-1,40209
2026-06-16,-1,40219
2026-06-17,-1,40229
2026-06-18,-1,40252
2026-06-19,-1,40275
2026-06-20,-1,40306
2026-06-21,-1,40323
2026-06-22,-1,40332
2026-06-23,-1,40344
2026-06-24,-1,40362
2026-06-25,-1,40376
2026-06-26,-1,40387
2026-06-27,-1,40412
2026-06-28,-1,40436
2026-06-29,-1,40455
2026-06-30,-1,40465
2026-07-01,-1,40478
2026-07-02,-1,40504
2026-07-03,-1,40524
2026-07-04,-1,40540
2026-07-05,-1,40557
2026-07-06,-1,40567
2026-07-07,-1,40582
2026-07-08,-1,40593
2026-07-09,-1,40597
2026-07-10,-1,40603
2026-07-11,-1,40613
2026-07-12,-1,40629
2026-07-13,-1,40637
2026-07-14,-1,40643
2026-07-15,-1,40650
2026-07-16,-1,40656
2026-07-17,-1,40667
2026-07-18,-1,40690
2026-07-19,-1,40710
2026-07-20,-1,40719
2026-07-21,-1,40729
2026-07-22,-1,40744
2026-07-23,-1,40758
2026-07-24,-1,40778
2026-07-25,-1,40797
2026-07-26,-1,40811
2026-07-27,-1,40817
2026-07-28,-1,40826
2026-07-29,-1,40851
2026-07-30,-1,40869
2026-07-31,-1,40875
2026-08-01,-1,40886
2026-08-02,-1,40899
2026-08-03,-1,40908
2026-08-04,-1,40924
2026-08-05,-1,40949
2026-08-06,-1,40968
2026-08-07,-1,40981
2026-08-08,-1,41000
2026-08-09,-1,41018
2026-08-10,-1,41031
2026-08-11,-1,41038
2026-08-12,-1,41051
2026-08-13,-1,41062
2026-08-14,-1,41071
2026-08-15,-1,41087
2026-08-16,-1,41103
2026-08-17,-1,41114
2026-08-18,-1,41126
2026-08-19,-1,41144
2026-08-20,-1,41158
2026-08-21,-1,41169
2026-08-22,-1,41182
2026-08-23,-1,41207
2026-08-24,-1,41220
2026-08-25,-1,41231
2026-08-26,-1,41242
2026-08-27,-1,41253
2026-08-28,-1,41268
2026-08-29,-1,41295
2026-08-30,-1,41324
2026-08-31,-1,41343
2026-09-01,-1,41362
2026-09-02,-1,41379
2026-09-03,-1,41392
2026-09-04,-1,41413
2026-09-05,-1,41437
2026-09-06,-1,41459
2026-09-07,-1,41461
2026-09-14,-1,41634
2026-09-15,-1,41660
2026-09-16,-1,41681
2026-09-17,-1,41695
2026-09-18,-1,41714
2026-09-19,-1,41740
2026-09-20,-1,41765
2026-09-21,-1,41772
2026-09-22,-1,41782
2026-09-23,-1,41804
2026-09-24,-1,41827
2026-09-25,-1,41848
2026-09-26,-1,41868
2026-09-27,-1,41884
2026-09-28,-1,41905
2026-09-29,-1,41925
2026-09-30,-1,41939
2026-10-01,-1,41955
2026-10-02,-1,41978
2026-10-03,-1,42002
