#Timestamp,RAIN
2025-04-21 17:10,0
2025-04-21 17:25,0
2025-04-21 21:20,0
2025-04-21 21:30,0
2025-04-21 21:55,0
2025-04-21 22:55,0
2025-04-21 23:55,0
2025-04-22 00:55,0
2025-04-22 01:55,0
2025-04-22 02:55,0
2025-04-22 03:55,0
2025-04-22 04:55,0
2025-04-22 05:55,0
2025-04-22 06:55,0
2025-04-22 07:55,0
2025-04-22 08:55,0
2025-04-22 09:55,0
2025-04-22 10:55,0
2025-04-22 11:55,0
2025-04-22 12:55,0
2025-04-22 13:55,0
2025-04-22 14:55,0
2025-04-22 15:55,0
2025-04-22 16:55,0
2025-04-22 17:55,0
2025-04-22 18:55,0
2025-04-22 19:55,0
2025-04-22 20:55,0
2025-04-22 21:55,0
2025-04-22 22:55,0
2025-04-22 23:55,0
2025-04-23 00:55,0
2025-04-23 01:55,0
2025-04-23 03:55,0
2025-04-23 04:55,0
2025-04-23 05:55,0
2025-04-23 06:55,0
2025-04-23 07:55,0
2025-04-23 08:55,0
2025-04-23 09:55,0
2025-04-23 10:55,0
2025-04-23 11:55,0
2025-04-23 12:55,0
2025-04-23 13:55,0
2025-04-23 14:55,0
2025-04-23 15:55,0
2025-04-23 16:55,0
2025-04-23 17:55,0
2025-04-23 18:55,0
2025-04-23 19:55,0
2025-04-23 20:55,0
2025-04-23 21:55,0
2025-04-23 22:55,0
2025-04-23 23:55,0
2025-04-24 00:55,0
2025-04-24 01:55,0
2025-04-24 02:55,0
2025-04-24 03:55,0
2025-04-24 04:55,0
2025-04-24 05:55,0
2025-04-24 06:55,0
2025-04-24 07:55,0
2025-04-24 08:55,0
2025-04-24 09:55,0
2025-04-24 10:55,0
2025-04-24 11:55,0
2025-04-24 12:55,0
2025-04-24 13:55,0
2025-04-24 14:55,0
2025-04-24 15:55,0
2025-04-24 16:50,0
2025-04-24 17:55,0
2025-04-24 18:55,0
2025-04-24 19:55,0
2025-04-24 20:55,0
2025-04-24 21:55,0
2025-04-24 22:55,0
2025-04-24 23:55,0
2025-04-25 00:55,0
2025-04-25 01:55,0
2025-04-25 02:55,0
2025-04-25 03:55,0
2025-04-25 04:55,0
2025-04-25 05:55,0
2025-04-25 06:55,0
2025-04-25 07:55,0
2025-04-25 08:55,0
2025-04-25 09:55,0
2025-04-25 10:55,0
2025-04-25 11:55,0
2025-04-25 12:55,0
2025-04-25 13:55,0
2025-04-25 14:55,0
2025-04-25 15:55,0
2025-04-25 16:55,0
2025-04-25 17:55,0
2025-04-25 18:55,0
2025-04-25 19:55,0
2025-04-25 20:55,0
2025-04-25 21:55,0
2025-04-25 22:55,0
2025-04-25 23:55,0
2025-04-26 00:55,0
2025-04-26 01:55,0
2025-04-26 02:55,0
2025-04-26 03:55,0
2025-04-26 04:55,0
2025-04-26 05:55,0
2025-04-26 06:55,0
2025-04-26 07:55,0
2025-04-26 08:55,0
2025-04-26 09:55,0
2025-04-26 10:15,0
2025-04-26 10:15,0
2025-04-26 10:15,0
2025-04-26 10:15,0
2025-04-26 10:15,0
2025-04-26 10:15,0
2025-04-26 10:15,0
2025-04-26 17:55,0
2025-04-26 18:55,0
2025-04-26 19:55,0
2025-04-26 20:55,0
2025-04-26 21:55,0
2025-04-26 22:55,0
2025-04-26 23:55,0
2025-04-27 00:55,0
2025-04-27 01:55,0
2025-04-27 02:55,0
2025-04-27 03:55,0
2025-04-27 04:55,0
2025-04-27 05:55,0
2025-04-27 06:55,0
2025-04-27 07:55,0
2025-04-27 08:55,0
2025-04-27 09:55,0
2025-04-27 10:55,0
2025-04-27 11:55,0
2025-04-27 12:55,0
2025-04-27 13:55,0
2025-04-27 14:55,0
2025-04-27 15:55,0
2025-04-27 16:55,0
2025-04-27 17:55,0
2025-04-27 18:55,0
2025-04-27 19:55,0
2025-04-27 20:55,0
2025-04-27 21:55,0
2025-04-27 22:55,0
2025-04-27 23:55,0
2025-04-28 00:55,0
2025-04-28 01:55,0
2025-04-28 02:55,0
2025-04-28 03:55,0
2025-04-28 04:55,0
2025-04-28 05:55,0
2025-04-28 06:55,0
2025-04-28 07:55,0
2025-04-28 08:55,0
2025-04-28 09:55,0
2025-04-28 10:55,0
2025-04-28 11:55,0
2025-04-28 12:50,0
2025-04-28 13:55,0
2025-04-28 14:55,0
2025-04-28 15:55,0
2025-04-28 16:55,0
2025-04-28 17:55,0
2025-04-28 18:55,0
2025-04-28 19:50,0
2025-04-28 20:55,0
2025-04-28 21:55,0
2025-04-28 22:55,0
2025-04-28 23:55,0
2025-04-29 00:55,0
2025-04-29 01:55,0
2025-04-29 02:55,0
2025-04-29 03:55,0
2025-04-29 04:55,0
2025-04-29 05:55,0
2025-04-29 06:55,0
2025-04-29 07:55,0
2025-04-29 08:55,0
2025-04-29 09:55,0
2025-04-29 10:55,0
2025-04-29 11:55,0
2025-04-29 12:55,0
2025-04-29 13:55,0
2025-04-29 14:55,0
2025-04-29 15:55,0
2025-04-29 16:50,0
2025-04-29 17:50,0
2025-04-29 18:55,0
2025-04-29 19:55,0
2025-04-29 20:55,0
2025-04-29 21:55,0
2025-04-29 22:55,0
2025-04-29 23:55,0
2025-04-30 00:55,0
2025-04-30 01:55,0
2025-04-30 02:55,0
2025-04-30 03:55,0
2025-04-30 04:55,0
2025-04-30 05:55,0
2025-04-30 06:55,0
2025-04-30 07:55,0
2025-04-30 08:55,0
2025-04-30 09:55,0
2025-04-30 10:55,0
2025-04-30 11:55,0
2025-04-30 12:55,0
2025-04-30 13:55,0
2025-04-30 14:55,0
2025-04-30 15:55,0
2025-04-30 16:55,0
2025-04-30 17:55,0
2025-04-30 18:55,0
2025-04-30 19:55,0
2025-04-30 20:55,0
2025-04-30 21:55,0
2025-04-30 22:55,0
2025-04-30 23:55,0
2025-05-01 00:55,0
2025-05-01 01:55,0
2025-05-01 02:55,0
2025-05-01 03:55,0
2025-05-01 04:55,0
2025-05-01 05:55,0
2025-05-01 06:55,0
2025-05-01 07:55,0
2025-05-01 08:55,0
2025-05-01 09:55,0
2025-05-01 10:55,0
2025-05-01 11:55,0
2025-05-01 12:55,0
2025-05-01 13:55,0
2025-05-01 14:55,0
2025-05-01 15:55,0
2025-05-01 16:55,0
2025-05-01 17:55,0
2025-05-01 18:55,0
2025-05-01 19:55,0
2025-05-01 20:55,0
2025-05-01 21:55,0
2025-05-01 22:55,0
2025-05-01 23:55,0
2025-05-02 00:55,0
2025-05-02 01:55,0
2025-05-02 02:55,0
2025-05-02 03:55,0
2025-05-02 04:55,0
2025-05-02 05:55,0
2025-05-02 06:55,0.1
2025-05-02 07:55,0.8
2025-05-02 08:55,0.3
2025-05-02 09:55,0
2025-05-02 10:55,0
2025-05-02 11:55,0
2025-05-02 12:55,0
2025-05-02 13:55,0
2025-05-02 14:55,0
2025-05-02 15:55,0
2025-05-02 16:55,0
2025-05-02 17:55,0
2025-05-02 18:55,0
2025-05-02 19:55,0
2025-05-02 20:55,0
2025-05-02 21:55,0
2025-05-02 22:55,0
2025-05-02 23:55,0
2025-05-03 00:55,0
2025-05-03 01:55,0
2025-05-03 02:55,0
2025-05-03 03:55,0
2025-05-03 04:55,0
2025-05-03 05:55,0
2025-05-03 06:55,0
2025-05-03 07:55,0
2025-05-03 08:55,0
2025-05-03 09:55,0
2025-05-03 10:55,0
2025-05-03 11:55,0
2025-05-03 12:55,0
2025-05-03 13:55,0
2025-05-03 14:55,0
2025-05-03 15:55,0
2025-05-03 16:55,0.6
2025-05-03 17:55,0
2025-05-03 18:55,0
2025-05-03 19:55,0
2025-05-03 20:55,0
2025-05-03 21:55,0
2025-05-03 22:55,0
2025-05-03 23:55,0
2025-05-04 00:55,0
2025-05-04 01:55,0
2025-05-04 02:55,0
2025-05-04 03:55,0
2025-05-04 04:55,0
2025-05-04 05:55,0
2025-05-04 06:55,0
2025-05-04 07:55,0
2025-05-04 08:55,0
2025-05-04 09:55,0
2025-05-04 10:55,0
2025-05-04 11:55,0
2025-05-04 12:55,0
2025-05-04 13:55,0
2025-05-04 14:55,0
2025-05-04 15:55,0
2025-05-04 16:55,0
2025-05-04 17:55,0
2025-05-04 18:55,0
2025-05-04 19:55,0
2025-05-04 20:55,0
2025-05-04 21:55,0
2025-05-04 22:55,0
2025-05-04 23:55,0
2025-05-05 00:55,0
2025-05-05 01:55,0
2025-05-05 02:55,0
2025-05-05 03:55,0
2025-05-05 04:55,0
2025-05-05 05:55,0
2025-05-05 06:55,0
2025-05-05 07:55,0
2025-05-05 08:55,0
2025-05-05 09:55,0
2025-05-05 10:55,0
2025-05-05 11:55,0
2025-05-05 12:55,0
2025-05-05 13:55,0
2025-05-05 14:55,0
2025-05-05 15:55,0
2025-05-05 16:55,0
2025-05-05 17:55,0
2025-05-05 18:55,0
2025-05-06 17:55,0
2025-05-06 18:55,0
2025-05-06 19:55,0
2025-05-06 20:55,0
2025-05-06 21:55,0
2025-05-06 22:55,0
2025-05-06 23:55,0
2025-05-07 00:55,0
2025-05-07 01:55,0
2025-05-07 02:55,0
2025-05-07 03:55,0
2025-05-07 04:55,0
2025-05-07 05:55,0
2025-05-07 06:55,0
2025-05-07 07:55,0
2025-05-07 08:55,0
2025-05-07 09:55,0
2025-05-07 10:55,0
2025-05-07 11:55,0
2025-05-07 12:55,0
2025-05-07 13:55,0
2025-05-07 14:55,0
2025-05-07 15:55,0
2025-05-07 16:55,0
2025-05-07 17:55,0
2025-05-07 18:55,0
2025-05-07 19:55,0
2025-05-07 20:55,0
2025-05-07 21:55,0
2025-05-07 22:55,0
2025-05-07 23:55,0
2025-05-08 00:55,0
2025-05-08 01:55,0
2025-05-08 02:55,0
2025-05-08 03:55,0
2025-05-08 04:55,0
2025-05-08 05:55,0
2025-05-08 06:55,0
2025-05-08 07:55,0
2025-05-08 08:55,0
2025-05-08 09:55,0
2025-05-08 10:55,0
2025-05-08 11:55,0
2025-05-08 12:55,0
2025-05-08 13:55,0
2025-05-08 14:55,0
2025-05-08 15:55,0
2025-05-08 16:55,0
2025-05-08 17:55,0
2025-05-08 18:55,0
2025-05-08 19:55,0
2025-05-08 20:55,0
2025-05-08 21:55,0
2025-05-08 22:55,0
2025-05-08 23:55,0
2025-05-09 00:50,0
2025-05-09 01:50,0
2025-05-09 02:55,0
2025-05-09 03:50,0
2025-05-09 04:50,0
2025-05-09 05:50,0
2025-05-09 06:50,0
2025-05-09 07:50,0
2025-05-09 08:50,0
2025-05-09 09:55,0
2025-05-09 10:55,0
2025-05-09 11:55,0
2025-05-09 12:55,0
2025-05-09 13:55,0
2025-05-09 14:55,0
2025-05-09 15:55,0
2025-05-09 16:55,0
2025-05-09 17:55,0
2025-05-09 18:55,0
2025-05-09 19:55,0
2025-05-09 20:55,0
2025-05-09 21:55,0
2025-05-09 22:55,0
2025-05-09 23:55,0
2025-05-10 00:55,0
2025-05-10 01:55,0
2025-05-10 02:55,0
2025-05-10 03:55,0
2025-05-10 04:55,0
2025-05-10 05:55,0
2025-05-10 06:55,0
2025-05-10 07:55,0
2025-05-10 08:55,0
2025-05-10 09:55,0
2025-05-10 10:55,0
2025-05-10 11:55,0
2025-05-10 12:50,0
2025-05-10 13:55,0
2025-05-10 14:55,0
2025-05-10 15:55,0
2025-05-10 16:55,0
2025-05-10 17:55,0
2025-05-10 18:55,0
2025-05-10 19:55,0
2025-05-10 20:55,0
2025-05-10 21:55,0
2025-05-10 22:55,0
2025-05-10 23:55,0
2025-05-11 00:55,0
2025-05-11 01:55,0
2025-05-11 02:55,0
2025-05-11 03:55,0
2025-05-11 04:50,0
2025-05-11 05:50,0
2025-05-11 06:50,0
2025-05-11 07:55,0
2025-05-11 08:50,0
2025-05-11 09:50,0
2025-05-11 10:50,0
2025-05-11 11:55,0
2025-05-11 12:55,0
2025-05-11 13:55,0
2025-05-11 14:55,0
2025-05-11 15:55,0
2025-05-11 16:55,0
2025-05-11 17:55,0
2025-05-11 18:55,0
2025-05-11 19:55,0
2025-05-11 20:55,0
2025-05-11 21:55,0
2025-05-11 22:55,0
2025-05-11 23:55,0
2025-05-12 00:55,0
2025-05-12 01:55,0
2025-05-12 02:55,0
2025-05-12 03:55,0
2025-05-12 04:55,0
2025-05-12 05:55,0
2025-05-12 06:55,0
2025-05-12 07:55,0
2025-05-12 08:55,0
2025-05-12 09:55,0
2025-05-12 10:55,0
2025-05-12 11:55,0
2025-05-12 12:55,0
2025-05-12 13:55,0
2025-05-12 14:55,0
2025-05-12 15:55,0
2025-05-12 16:55,0
2025-05-12 17:55,0
2025-05-12 18:55,0
2025-05-12 19:55,0
2025-05-12 20:55,0
2025-05-12 21:55,0
2025-05-12 22:55,0
2025-05-12 23:55,0
2025-05-13 00:55,0
2025-05-13 01:55,0
2025-05-13 02:55,0
2025-05-13 03:55,0
2025-05-13 04:55,0
2025-05-13 05:55,0
2025-05-13 06:50,0
2025-05-13 07:50,0
2025-05-13 08:50,0
2025-05-13 09:50,0
2025-05-13 10:50,0
2025-05-13 11:50,0
2025-05-13 12:50,0
2025-05-13 13:50,0
2025-05-13 14:55,0
2025-05-13 15:55,0
2025-05-13 16:55,0
2025-05-13 17:55,0
2025-05-13 18:55,0
2025-05-13 19:55,0
2025-05-13 20:55,0
2025-05-13 21:55,0
2025-05-13 22:55,0
2025-05-13 23:55,0
2025-05-14 00:55,0
2025-05-14 01:55,0
2025-05-14 03:55,0
2025-05-14 04:55,0
2025-05-14 05:55,0
2025-05-14 06:55,0
2025-05-14 07:55,0
2025-05-14 08:55,0
2025-05-14 09:55,0
2025-05-14 10:55,0
2025-05-14 11:55,0
2025-05-14 12:55,0
2025-05-14 13:55,0
2025-05-14 14:55,0
2025-05-14 15:55,0
2025-05-14 16:55,0
2025-05-14 17:55,0
2025-05-14 18:50,0
2025-05-14 19:55,0
2025-05-14 20:55,0
2025-05-14 21:55,0
2025-05-14 22:55,0
2025-05-14 23:55,0
2025-05-15 00:55,0
2025-05-15 01:55,0
2025-05-15 02:55,0
2025-05-15 03:55,0
2025-05-15 04:55,0
2025-05-15 05:55,0
2025-05-15 06:55,0
2025-05-15 07:55,0
2025-05-15 08:50,0
2025-05-15 09:50,0
2025-05-15 10:50,0
2025-05-15 11:55,0
2025-05-15 12:50,0
2025-05-15 13:50,0
2025-05-15 14:50,0
2025-05-15 15:50,0
2025-05-15 16:55,0
2025-05-15 17:55,0
2025-05-15 18:55,0
2025-05-15 19:55,0
2025-05-15 20:55,0
2025-05-15 21:55,0
2025-05-15 22:55,0
2025-05-15 23:55,0
2025-05-16 00:55,0
2025-05-16 01:55,0
2025-05-16 02:55,0
2025-05-16 03:55,0
2025-05-16 04:55,0
2025-05-16 05:55,0
2025-05-16 06:55,0
2025-05-16 07:55,0
2025-05-16 08:55,0
2025-05-16 09:55,0
2025-05-16 10:55,0
2025-05-16 11:55,0
2025-05-16 12:55,0
2025-05-16 13:55,0
2025-05-16 14:55,0
2025-05-16 15:55,0
2025-05-16 16:55,0
2025-05-16 17:55,0
2025-05-16 18:55,0
2025-05-16 19:55,0
2025-05-16 20:55,0
2025-05-16 21:55,0
2025-05-16 22:55,0
2025-05-16 23:55,0
2025-05-17 00:55,0
2025-05-17 01:55,0
2025-05-17 02:55,0
2025-05-17 03:55,0
2025-05-17 04:55,0
2025-05-17 05:55,0
2025-05-17 06:55,0
2025-05-17 07:55,0
2025-05-17 08:50,0
2025-05-17 09:50,0
2025-05-17 10:50,0
2025-05-17 11:50,0
2025-05-17 12:50,0
2025-05-17 13:50,0
2025-05-17 14:50,0
2025-05-17 15:55,0
2025-05-17 16:50,0
2025-05-17 17:50,0
2025-05-17 18:55,0
2025-05-17 19:55,0
2025-05-17 20:55,0
2025-05-17 21:55,0
2025-05-17 22:55,0
2025-05-17 23:55,0
2025-05-18 00:55,0
2025-05-18 01:55,0
2025-05-18 02:55,0
2025-05-18 03:55,0
2025-05-18 04:55,0
2025-05-18 05:55,0
2025-05-18 06:55,0
2025-05-18 07:55,0
2025-05-18 08:55,0
2025-05-18 09:55,0
2025-05-18 10:55,0
2025-05-18 11:55,0
2025-05-18 12:55,0
2025-05-18 13:55,0
2025-05-18 14:55,0
2025-05-18 15:55,0
2025-05-18 16:55,0
2025-05-18 17:55,0
2025-05-18 18:55,0
2025-05-18 19:55,0
2025-05-18 20:55,0
2025-05-18 21:55,0
2025-05-18 22:55,0
2025-05-18 23:55,0
2025-05-19 00:55,0
2025-05-19 01:55,0
2025-05-19 02:55,0
2025-05-19 03:55,0
2025-05-19 04:55,0
2025-05-19 05:55,0
2025-05-19 06:55,0
2025-05-19 07:55,0
2025-05-19 08:55,0
2025-05-19 09:55,0
2025-05-19 10:55,0
2025-05-19 11:50,0
2025-05-19 12:50,0
2025-05-19 13:50,0
2025-05-19 14:50,0
2025-05-19 15:50,0
2025-05-19 16:50,0
2025-05-19 17:55,0
2025-05-19 18:50,0
2025-05-19 19:55,0
2025-05-19 20:50,0
2025-05-19 21:50,0
2025-05-19 22:50,0
2025-05-19 23:55,0
2025-05-20 00:55,0
2025-05-20 01:55,0
2025-05-20 02:55,0
2025-05-20 03:55,0
2025-05-20 04:55,0
2025-05-20 05:55,0
2025-05-20 06:55,0
2025-05-20 07:55,0
2025-05-20 08:55,0
2025-05-20 09:55,0
2025-05-20 10:55,0
2025-05-20 11:55,0
2025-05-20 12:55,0
2025-05-20 13:55,0
2025-05-20 14:55,0
2025-05-20 15:55,0
2025-05-20 16:55,0
2025-05-20 17:55,0
2025-05-20 18:55,0
2025-05-20 19:55,0
2025-05-20 20:55,0
2025-05-20 21:55,0
2025-05-20 22:55,0
2025-05-20 23:55,0
2025-05-21 00:55,0
2025-05-21 01:55,0
2025-05-21 02:55,0
2025-05-21 03:55,0
2025-05-21 04:55,0
2025-05-21 05:55,0
2025-05-21 06:55,0
2025-05-21 07:55,0
2025-05-21 08:55,0
2025-05-21 09:55,0
2025-05-21 10:55,0
2025-05-21 11:55,0
2025-05-21 12:55,0
2025-05-21 13:50,0
2025-05-21 14:50,0
2025-05-21 15:50,0
2025-05-21 16:55,0
2025-05-21 17:50,0
2025-05-21 18:50,0
2025-05-21 19:50,0
2025-05-21 20:50,0
2025-05-21 21:50,0
2025-05-21 22:50,0
2025-05-21 23:50,0
2025-05-22 00:50,0
2025-05-22 01:50,0
2025-05-22 02:55,0
2025-05-22 03:50,0.4
2025-05-22 04:55,0.3
2025-05-22 05:55,0
2025-05-22 06:55,0.3
2025-05-22 07:50,1.3
2025-05-22 08:50,1.2
2025-05-22 09:55,0.2
2025-05-22 10:55,0.4
2025-05-22 11:55,0.4
2025-05-22 12:50,0.3
2025-05-22 13:55,0.2
2025-05-22 14:55,0.2
2025-05-22 15:55,0
2025-05-22 16:55,0
2025-05-22 17:55,0
2025-05-22 18:55,0
2025-05-22 19:55,0.5
2025-05-22 20:55,0
2025-05-22 21:55,0
2025-05-22 22:55,0
2025-05-22 23:55,0
2025-05-23 00:55,0
2025-05-23 01:50,0
2025-05-23 02:55,0
2025-05-23 03:55,0
2025-05-23 04:55,0
2025-05-23 05:55,0
2025-05-23 06:55,0
2025-05-23 07:55,0
2025-05-23 08:55,0
2025-05-23 09:55,0
2025-05-23 10:55,0
2025-05-23 11:55,0
2025-05-23 12:55,0
2025-05-23 13:55,0
2025-05-23 14:50,0
2025-05-23 15:50,0
2025-05-23 16:50,0
2025-05-23 17:50,0
2025-05-23 18:50,0
2025-05-23 19:50,0
2025-05-23 20:55,0
2025-05-23 21:50,0
2025-05-23 22:50,0
2025-05-23 23:50,0
2025-05-24 00:50,0
2025-05-24 01:50,0
2025-05-24 02:55,0
2025-05-24 03:55,0
2025-05-24 04:55,0
2025-05-24 05:55,0
2025-05-24 06:55,0
2025-05-24 07:55,0
2025-05-24 08:55,0
2025-05-24 09:55,0
2025-05-24 10:55,0
2025-05-24 11:55,0
2025-05-24 12:55,0
2025-05-24 13:55,0
2025-05-24 14:55,0
2025-05-24 15:55,0
2025-05-24 16:55,0
2025-05-24 17:55,0
2025-05-24 18:55,0
2025-05-24 19:55,0
2025-05-24 20:55,0
2025-05-24 21:55,0
2025-05-24 22:55,0
2025-05-24 23:55,0
2025-05-25 00:55,0
2025-05-25 01:55,0
2025-05-25 02:55,0
2025-05-25 03:55,0
2025-05-25 04:55,0
2025-05-25 05:55,0
2025-05-25 06:55,0
2025-05-25 07:55,0
2025-05-25 08:55,0
2025-05-25 09:55,0.2
2025-05-25 10:55,0.1
2025-05-25 11:55,0
2025-05-25 12:55,0.1
2025-05-25 13:55,0.1
2025-05-25 14:55,0.2
2025-05-25 15:50,0.1
2025-05-25 16:50,0.2
2025-05-25 17:50,0.6
2025-05-25 18:50,0.7
2025-05-25 19:50,0.5
2025-05-25 20:55,0.2
2025-05-25 21:50,0
2025-05-25 22:50,0
2025-05-25 23:50,0
2025-05-26 00:50,0
2025-05-26 01:50,0
2025-05-26 02:50,0
2025-05-26 03:55,0
2025-05-26 04:50,0
2025-05-26 05:55,0
2025-05-26 06:50,0
2025-05-26 07:55,0
2025-05-26 08:55,0
2025-05-26 09:55,0
2025-05-26 10:55,0
2025-05-26 11:55,0
2025-05-26 12:55,0
2025-05-26 13:55,0
2025-05-26 14:55,0
2025-05-26 15:55,0
2025-05-26 16:55,0
2025-05-26 17:55,0
2025-05-26 18:55,0
2025-05-26 19:55,0
2025-05-26 20:55,0
2025-05-26 21:55,0
2025-05-26 22:55,0
2025-05-26 23:55,0
2025-05-27 00:55,0
2025-05-27 01:55,0
2025-05-27 02:55,0
2025-05-27 03:55,0
2025-05-27 04:55,0
2025-05-27 05:55,0
2025-05-27 06:55,0
2025-05-27 07:55,0
2025-05-27 08:55,0
2025-05-27 09:55,0.1
2025-05-27 10:55,0.7
2025-05-27 11:50,0.7
2025-05-27 12:55,0.3
2025-05-27 13:55,1.5
2025-05-27 14:55,0.5
2025-05-27 15:55,0
2025-05-27 16:55,0
2025-05-27 17:50,0
2025-05-27 18:50,0
2025-05-27 19:50,0
2025-05-27 20:50,0
2025-05-27 21:50,0
2025-05-27 22:50,0
2025-05-27 23:50,0
2025-05-28 00:50,0
2025-05-28 01:50,0
2025-05-28 03:50,0
2025-05-28 04:50,0
2025-05-28 05:50,0
2025-05-28 06:50,0
2025-05-28 07:55,0
2025-05-28 08:55,0
2025-05-28 09:55,0
2025-05-28 10:55,0
2025-05-28 11:55,0
2025-05-28 12:55,0
2025-05-28 13:55,0
2025-05-28 14:55,0
2025-05-28 15:55,0
2025-05-28 16:55,0
2025-05-28 17:55,0
2025-05-28 18:55,0
2025-05-28 19:55,0
2025-05-28 20:55,0
2025-05-28 21:55,0
2025-05-28 22:55,0
2025-05-28 23:55,0
2025-05-29 00:55,0
2025-05-29 01:55,0
2025-05-29 02:55,0
2025-05-29 03:55,0
2025-05-29 04:55,0
2025-05-29 05:55,0
2025-05-29 06:55,0
2025-05-29 07:55,0
2025-05-29 08:55,0
2025-05-29 09:55,0
2025-05-29 10:55,0
2025-05-29 11:55,0
2025-05-29 12:55,0
2025-05-29 13:55,0
2025-05-29 14:55,0
2025-05-29 15:55,0
2025-05-29 16:55,0
2025-05-29 17:55,0
2025-05-29 18:50,0
2025-05-29 19:50,0
2025-05-29 20:55,0
2025-05-29 21:55,0
2025-05-29 22:50,0
2025-05-29 23:55,0
2025-05-30 00:55,0.2
2025-05-30 01:55,0.1
2025-05-30 02:55,0
2025-05-30 03:55,0
2025-05-30 04:55,0.1
2025-05-30 05:55,0
2025-05-30 06:55,0
2025-05-30 07:55,0
2025-05-30 08:55,0
2025-05-30 09:55,0
2025-05-30 10:55,0
2025-05-30 11:55,0
2025-05-30 12:55,0
2025-05-30 13:55,0
2025-05-30 14:55,0
2025-05-30 15:55,0
2025-05-30 16:55,0
2025-05-30 17:55,0
2025-05-30 18:55,0
2025-05-30 19:55,0
2025-05-30 20:55,0
2025-05-30 21:50,0
2025-05-30 22:55,0
2025-05-30 23:55,0
2025-05-31 00:55,0
2025-05-31 01:55,0
2025-05-31 02:55,0
2025-05-31 03:55,0
2025-05-31 04:55,0
2025-05-31 05:55,0
2025-05-31 06:55,0
2025-05-31 07:55,0
2025-05-31 08:55,0
2025-05-31 09:55,0
2025-05-31 10:55,0
2025-05-31 11:55,0
2025-05-31 12:55,0
2025-05-31 13:55,0
2025-05-31 14:55,0
2025-05-31 15:55,0
2025-05-31 16:55,0
2025-05-31 17:55,0
2025-05-31 18:55,0
2025-05-31 19:55,0
2025-05-31 20:55,0
2025-05-31 21:55,0
2025-05-31 22:55,0
2025-05-31 23:55,0
2025-06-01 00:55,0
2025-06-01 01:55,0
2025-06-01 02:55,0
2025-06-01 03:55,0
2025-06-01 04:55,0
2025-06-01 05:55,0
2025-06-01 06:55,0
2025-06-01 07:55,0
2025-06-01 08:55,0
2025-06-01 09:55,0
2025-06-01 10:55,0
2025-06-01 11:55,0
2025-06-01 12:45,0
2025-06-01 13:35,0
2025-06-01 20:40,0.2
2025-06-01 21:00,0.1
2025-06-01 21:55,0
2025-06-01 22:55,0
2025-06-01 23:55,0
2025-06-02 00:55,0
2025-06-02 01:55,0
2025-06-02 02:55,0
2025-06-02 03:55,0
2025-06-02 04:55,0
2025-06-02 05:55,0
2025-06-02 06:55,0
2025-06-02 07:55,0
2025-06-02 08:55,0
2025-06-02 09:55,0
2025-06-02 10:55,0
2025-06-02 11:55,0
2025-06-02 12:55,0
2025-06-02 13:55,0
2025-06-02 14:55,0
2025-06-02 15:55,0
2025-06-02 16:55,0
2025-06-02 17:55,0
2025-06-02 18:55,0
2025-06-02 19:55,0
2025-06-02 20:55,0
2025-06-02 21:55,0
2025-06-02 22:55,0
2025-06-02 23:55,0
2025-06-03 00:55,0
2025-06-03 01:55,0
2025-06-03 02:55,0
2025-06-03 03:55,0
2025-06-03 04:55,0
2025-06-03 05:55,0
2025-06-03 06:55,0
2025-06-03 07:55,0
2025-06-03 08:55,0
2025-06-03 09:55,0
2025-06-03 10:55,0
2025-06-03 11:55,0
2025-06-03 12:50,0
2025-06-03 13:55,0
2025-06-03 14:55,0
2025-06-03 15:55,0
2025-06-03 16:50,0
2025-06-03 17:50,0
2025-06-03 18:55,0
2025-06-03 19:30,0
2025-06-03 19:30,0
2025-06-03 19:30,0
2025-06-03 19:30,0
2025-06-03 19:30,0
2025-06-03 19:35,0
2025-06-04 01:55,0
2025-06-04 02:55,0.2
2025-06-04 03:55,0
2025-06-04 04:50,0
2025-06-04 05:50,0
2025-06-04 06:55,0
2025-06-04 07:50,0
2025-06-04 08:55,0
2025-06-04 09:55,0
2025-06-04 10:55,0.2
2025-06-04 11:55,0
2025-06-04 12:55,0
2025-06-04 13:55,0.2
2025-06-04 14:50,0
2025-06-04 15:55,0
2025-06-04 16:55,0.1
2025-06-04 17:55,0
2025-06-04 18:55,0
2025-06-04 19:55,0.2
2025-06-04 20:50,0
2025-06-04 21:55,0
2025-06-04 22:50,0
2025-06-04 23:50,0
2025-06-05 00:55,0
2025-06-05 01:50,0
2025-06-05 02:55,0
2025-06-05 03:55,0
2025-06-05 04:55,0
2025-06-05 05:55,0
2025-06-05 06:55,0
2025-06-05 07:50,0
2025-06-05 08:55,0
2025-06-05 09:55,0
2025-06-05 10:55,0
2025-06-05 11:50,0
2025-06-05 12:50,0
2025-06-05 13:55,0
2025-06-05 14:55,0
2025-06-05 15:55,0
2025-06-05 16:55,0.2
2025-06-05 17:55,0
2025-06-05 18:55,0
2025-06-05 19:55,0
2025-06-05 20:55,0
2025-06-05 21:55,0
2025-06-05 22:55,0
2025-06-05 23:50,0
2025-06-06 00:55,0.2
2025-06-06 01:55,0.4
2025-06-06 02:55,0.9
2025-06-06 03:55,0.2
2025-06-06 04:50,0
2025-06-06 05:55,0
2025-06-06 06:50,0
2025-06-06 07:55,0
2025-06-06 08:55,0
2025-06-06 09:50,0
2025-06-06 10:50,0
2025-06-06 11:50,0.5
2025-06-06 12:55,0.1
2025-06-06 13:55,0.2
2025-06-06 14:55,0
2025-06-06 15:55,0
2025-06-06 16:55,0
2025-06-06 17:50,0
2025-06-06 18:55,0.1
2025-06-06 19:55,0
2025-06-06 20:55,0
2025-06-06 21:55,0
2025-06-06 22:55,0
2025-06-06 23:55,0
2025-06-07 00:55,0
2025-06-07 01:55,0
2025-06-07 02:55,0
2025-06-07 03:55,0
2025-06-07 04:55,0
2025-06-07 05:55,0
2025-06-07 06:55,0
2025-06-07 07:55,0
2025-06-07 08:55,0
2025-06-07 09:50,0
2025-06-07 10:55,0
2025-06-07 11:55,0
2025-06-07 12:50,0
2025-06-07 13:55,0
2025-06-07 14:55,0
2025-06-07 15:50,0
2025-06-07 16:55,0
2025-06-07 17:55,0
2025-06-07 18:55,0
2025-06-07 19:55,0
2025-06-07 20:55,0
2025-06-07 21:55,0
2025-06-07 22:55,0
2025-06-07 23:55,0
2025-06-08 00:55,0
2025-06-08 01:55,0
2025-06-08 02:55,0
2025-06-08 03:55,0
2025-06-08 04:55,0
2025-06-08 05:55,0
2025-06-08 06:55,0
2025-06-08 07:55,0
2025-06-08 08:55,0
2025-06-08 09:55,0
2025-06-08 10:55,0
2025-06-08 11:55,0
2025-06-08 12:55,0
2025-06-08 13:55,0
2025-06-08 14:55,0
2025-06-08 15:55,0
2025-06-08 16:55,0
2025-06-08 17:55,0
2025-06-08 18:55,0
2025-06-08 19:55,0
2025-06-08 20:55,0
2025-06-08 21:55,0
2025-06-08 22:55,0
2025-06-08 23:55,0
2025-06-09 00:55,0
2025-06-09 01:55,0
2025-06-09 02:55,0
2025-06-09 03:55,0
2025-06-09 04:55,0
2025-06-09 05:55,0
2025-06-09 06:55,0
2025-06-09 07:55,0
2025-06-09 08:55,0
2025-06-09 09:55,0
2025-06-09 10:55,0
2025-06-09 11:40,0
2025-06-09 11:40,0
2025-06-09 11:40,0
2025-06-09 11:40,0
2025-06-09 15:55,0
2025-06-09 16:55,0
2025-06-09 17:55,0
2025-06-09 18:55,0
2025-06-09 19:55,0
2025-06-09 20:55,0
2025-06-09 21:50,0
2025-06-09 22:55,0
2025-06-09 23:55,0
2025-06-10 00:55,0
2025-06-10 01:55,0
2025-06-10 02:55,0
2025-06-10 03:55,0
2025-06-10 04:55,0
2025-06-10 05:55,0
2025-06-10 06:55,0
2025-06-10 07:55,0
2025-06-10 08:55,0
2025-06-10 09:55,0
2025-06-10 10:50,0
2025-06-10 11:55,0.2
2025-06-10 12:55,0.4
2025-06-10 13:55,0.4
2025-06-10 14:55,0.1
2025-06-10 15:55,0
2025-06-10 16:55,0
2025-06-10 17:55,0
2025-06-10 18:55,0
2025-06-10 19:50,0.5
2025-06-10 20:55,0
2025-06-10 21:55,0
2025-06-10 22:55,0
2025-06-10 23:50,0
2025-06-11 00:55,0
2025-06-11 01:55,0
2025-06-11 02:55,0
2025-06-11 03:55,0
2025-06-11 04:55,0
2025-06-11 05:55,0
2025-06-11 06:55,0
2025-06-11 07:15,0
2025-06-11 07:15,0
2025-06-11 07:15,0
2025-06-11 07:15,0
2025-06-11 07:15,0
2025-06-11 07:15,0
2025-06-11 07:15,0
2025-06-11 07:15,0
2025-06-11 07:15,0
2025-06-11 07:15,0
2025-06-11 07:15,0
2025-06-11 19:50,0
2025-06-11 20:55,0
2025-06-11 21:55,0
2025-06-11 22:55,0
2025-06-11 23:50,0
2025-06-12 00:50,0
2025-06-12 01:50,0
2025-06-12 02:55,0
2025-06-12 03:50,0
2025-06-12 04:50,0
2025-06-12 05:55,0
2025-06-12 06:55,0
2025-06-12 07:55,0
2025-06-12 08:50,0
2025-06-12 09:55,0
2025-06-12 10:55,0
2025-06-12 11:55,0
2025-06-12 12:55,0
2025-06-12 13:55,0
2025-06-12 14:55,0
2025-06-12 15:55,0
2025-06-12 16:55,0
2025-06-12 17:55,0
2025-06-12 18:55,0
2025-06-12 19:55,0
2025-06-12 20:55,0
2025-06-12 21:55,0
2025-06-12 22:55,0
2025-06-12 23:55,0
2025-06-13 00:55,0
2025-06-13 01:50,0
2025-06-13 02:50,0
2025-06-13 03:50,0
2025-06-13 04:55,0
2025-06-13 05:55,0
2025-06-13 06:55,0
2025-06-13 07:55,0
2025-06-13 08:50,0
2025-06-13 09:50,0
2025-06-13 10:55,0
2025-06-13 11:50,0
2025-06-13 12:55,0
2025-06-13 13:55,0
2025-06-13 14:55,0
2025-06-13 15:50,0
2025-06-13 16:55,0
2025-06-13 17:55,0
2025-06-13 18:50,0
2025-06-13 19:55,0
2025-06-13 20:55,0
2025-06-13 21:55,0
2025-06-13 22:55,0
2025-06-13 23:55,0
2025-06-14 00:55,0
2025-06-14 01:55,0
2025-06-14 02:55,0
2025-06-14 03:55,0
2025-06-14 04:55,0
2025-06-14 05:50,0
2025-06-14 06:55,0
2025-06-14 07:50,0
2025-06-14 08:55,0
2025-06-14 09:55,0
2025-06-14 10:55,0
2025-06-14 11:55,0
2025-06-14 12:55,0
2025-06-14 13:55,0
2025-06-14 14:55,0
2025-06-14 15:55,0
2025-06-14 16:55,0
2025-06-14 17:55,0
2025-06-14 18:55,0
2025-06-14 19:50,0
2025-06-14 20:55,0
2025-06-14 21:55,0
2025-06-14 22:50,0
2025-06-14 23:55,0
2025-06-15 00:55,0
2025-06-15 01:50,0
2025-06-15 02:55,0
2025-06-15 03:50,0
2025-06-15 04:55,0
2025-06-15 05:55,0
2025-06-15 06:55,0
2025-06-15 07:55,0
2025-06-15 08:55,0
2025-06-15 09:55,0
2025-06-15 10:55,0
2025-06-15 11:55,0
2025-06-15 12:55,0
2025-06-15 13:55,0
2025-06-15 14:55,0
2025-06-15 15:55,0
2025-06-15 16:50,0
2025-06-15 17:55,0
2025-06-15 18:50,0
2025-06-15 19:50,0
2025-06-15 20:50,0.5
2025-06-15 21:50,0.3
2025-06-15 22:50,0.1
2025-06-15 23:55,0
2025-06-16 00:55,0
2025-06-16 01:55,0
2025-06-16 02:55,0
2025-06-16 03:55,0
2025-06-16 04:55,0
2025-06-16 05:55,0
2025-06-16 06:55,0
2025-06-16 07:55,0
2025-06-16 08:55,0
2025-06-16 09:55,0
2025-06-16 10:55,0
2025-06-16 11:55,0
2025-06-16 12:50,0
2025-06-16 13:55,0
2025-06-16 14:55,0
2025-06-16 15:50,0
2025-06-16 16:50,0
2025-06-16 17:55,0
2025-06-16 18:55,0
2025-06-16 19:55,0
2025-06-16 20:55,0
2025-06-16 21:55,0
2025-06-16 22:50,0
2025-06-16 23:55,0
2025-06-17 00:55,0
2025-06-17 01:55,0
2025-06-17 02:55,0
2025-06-17 03:55,0
2025-06-17 04:55,0
2025-06-17 05:55,0
2025-06-17 06:55,0
2025-06-17 07:55,0
2025-06-17 08:55,0
2025-06-17 09:50,0
2025-06-17 10:55,0
2025-06-17 11:55,0
2025-06-17 12:55,0
2025-06-17 13:55,0
2025-06-17 14:55,0
2025-06-17 15:55,0
2025-06-17 16:55,0
2025-06-17 17:55,0
2025-06-17 18:55,0
2025-06-17 19:55,0.1
2025-06-17 20:50,0
2025-06-17 21:55,0
2025-06-17 22:55,0
2025-06-17 23:50,0
2025-06-18 00:55,0
2025-06-18 01:50,0
2025-06-18 02:50,0
2025-06-18 03:55,0
2025-06-18 04:50,0
2025-06-18 05:55,0
2025-06-18 06:55,0
2025-06-18 07:55,0
2025-06-18 08:55,0
2025-06-18 09:50,0
2025-06-18 10:55,0
2025-06-18 11:55,0
2025-06-18 12:55,0
2025-06-18 13:55,0
2025-06-18 14:55,0
2025-06-18 15:55,0
2025-06-18 16:55,0
2025-06-18 17:55,0
2025-06-18 18:50,0
2025-06-18 19:55,0
2025-06-18 20:55,0
2025-06-18 21:55,0
2025-06-18 22:55,0
2025-06-18 23:55,0
2025-06-19 00:50,0
2025-06-19 01:55,0
2025-06-19 02:55,0
2025-06-19 03:50,0
2025-06-19 04:55,0
2025-06-19 05:55,0
2025-06-19 06:50,0
2025-06-19 07:55,0
2025-06-19 08:55,0
2025-06-19 09:55,0
2025-06-19 10:50,0
2025-06-19 11:55,0
2025-06-19 12:55,0
2025-06-19 13:55,0
2025-06-19 14:55,0
2025-06-19 15:50,0
2025-06-19 16:55,0
2025-06-19 17:55,0
2025-06-19 18:55,0
2025-06-19 19:50,0
2025-06-19 20:50,0
2025-06-19 21:55,0
2025-06-19 22:50,0
2025-06-19 23:50,0
2025-06-20 00:55,0
2025-06-20 01:55,0
2025-06-20 02:55,0
2025-06-20 03:55,0
2025-06-20 04:50,0
2025-06-20 05:55,0
2025-06-20 06:55,0
2025-06-20 07:55,0
2025-06-20 08:55,0
2025-06-20 09:50,0
2025-06-20 10:55,0
2025-06-20 11:55,0
2025-06-20 12:55,0
2025-06-20 13:50,0
2025-06-20 14:55,0
2025-06-20 15:55,0
2025-06-20 16:55,0
2025-06-20 17:50,0
2025-06-20 18:50,0
2025-06-20 19:50,0
2025-06-20 20:55,0
2025-06-20 21:55,0
2025-06-20 22:55,0
2025-06-20 23:50,0
2025-06-21 00:50,0
2025-06-21 01:55,0
2025-06-21 02:55,0
2025-06-21 03:55,0
2025-06-21 04:55,0
2025-06-21 05:55,0
2025-06-21 06:55,0
2025-06-21 07:55,0
2025-06-21 08:55,0
2025-06-21 09:55,0
2025-06-21 10:50,0
2025-06-21 11:55,0
2025-06-21 12:50,0
2025-06-21 13:50,0
2025-06-21 14:55,0
2025-06-21 15:50,0
2025-06-21 16:50,0
2025-06-21 17:55,0
2025-06-21 18:55,0
2025-06-21 19:55,0
2025-06-21 20:55,0
2025-06-21 21:55,0
2025-06-21 22:55,0
2025-06-21 23:55,0
2025-06-22 00:55,0
2025-06-22 01:55,0
2025-06-22 02:55,0
2025-06-22 03:55,0
2025-06-22 04:55,0
2025-06-22 05:55,0
2025-06-22 06:55,0
2025-06-22 07:55,0
2025-06-22 08:55,0
2025-06-22 09:55,0
2025-06-22 10:50,0
2025-06-22 11:50,0
2025-06-22 12:50,0
2025-06-22 13:55,0
2025-06-22 14:55,0
2025-06-22 15:55,0
2025-06-22 16:55,0
2025-06-22 17:55,0
2025-06-22 18:50,0
2025-06-22 19:55,0
2025-06-22 20:55,0
2025-06-22 21:50,0
2025-06-22 22:55,0.3
2025-06-22 23:55,0
2025-06-23 00:55,0
2025-06-23 01:55,0
2025-06-23 02:50,0
2025-06-23 03:55,0
2025-06-23 04:55,0
2025-06-23 05:55,0
2025-06-23 06:50,0
2025-06-23 07:50,0
2025-06-23 08:55,0
2025-06-23 09:55,0
2025-06-23 10:55,0
2025-06-23 11:55,0
2025-06-23 12:55,0
2025-06-23 13:30,0.1
2025-06-23 14:50,0
2025-06-23 15:55,0.5
2025-06-23 16:55,0
2025-06-23 17:55,0
2025-06-23 18:55,0
2025-06-23 19:55,0
2025-06-23 20:55,0
2025-06-23 21:50,0
2025-06-23 22:55,0
2025-06-23 23:55,0
2025-06-24 00:55,0
2025-06-24 01:55,0
2025-06-24 02:50,0.1
2025-06-24 03:55,0
2025-06-24 04:50,0
2025-06-24 05:55,0
2025-06-24 06:55,0
2025-06-24 07:50,0
2025-06-24 08:55,0
2025-06-24 09:50,0
2025-06-24 10:55,0
2025-06-24 11:55,0
2025-06-24 12:50,0
2025-06-24 13:55,0
2025-06-24 14:55,0
2025-06-24 15:50,0
2025-06-24 16:55,0
2025-06-24 17:50,0
2025-06-24 18:55,0
2025-06-24 19:55,0
2025-06-24 20:50,0
2025-06-24 21:50,0
2025-06-24 22:55,0
2025-06-24 23:55,0
2025-06-25 00:55,0
2025-06-25 01:50,0
2025-06-25 02:55,0
2025-06-25 03:55,0
2025-06-25 04:55,0
2025-06-25 05:55,0
2025-06-25 06:50,0
2025-06-25 07:55,0
2025-06-25 08:55,0
2025-06-25 09:55,0
2025-06-25 10:55,0
2025-06-25 11:55,0
2025-06-25 12:50,0
2025-06-25 13:55,0
2025-06-25 14:55,0
2025-06-25 15:50,0
2025-06-25 16:50,0
2025-06-25 17:55,0
2025-06-25 18:50,0
2025-06-25 19:55,0
2025-06-25 20:55,0
2025-06-25 21:50,0
2025-06-25 22:55,0
2025-06-25 23:55,0
2025-06-26 00:55,0
2025-06-26 01:55,0
2025-06-26 02:55,0
2025-06-26 03:55,0
2025-06-26 04:55,0
2025-06-26 05:55,0
2025-06-26 06:55,0
2025-06-26 07:55,0
2025-06-26 08:55,0
2025-06-26 09:55,0
2025-06-26 10:55,0
2025-06-26 11:55,0
2025-06-26 12:55,0
2025-06-26 13:55,0
2025-06-26 14:55,0
2025-06-26 15:55,0
2025-06-26 16:55,0
2025-06-26 17:55,0
2025-06-26 18:55,0
2025-06-26 19:50,0
2025-06-26 20:55,0
2025-06-26 21:55,0
2025-06-26 22:55,0.2
2025-06-26 23:55,0.1
2025-06-27 00:55,0.2
2025-06-27 01:55,0
2025-06-27 02:55,0
2025-06-27 03:55,0
2025-06-27 04:55,0
2025-06-27 05:50,0
2025-06-27 06:55,0
2025-06-27 07:55,0
2025-06-27 08:50,0
2025-06-27 09:55,0
2025-06-27 10:55,0
2025-06-27 11:55,0
2025-06-27 12:55,0
2025-06-27 13:50,0
2025-06-27 14:50,0
2025-06-27 15:50,0
2025-06-27 16:50,0
2025-06-27 17:50,0
2025-06-27 18:50,0
2025-06-27 19:50,0
2025-06-27 20:50,0
2025-06-27 21:50,0
2025-06-27 22:50,0
2025-06-27 23:55,0
2025-06-28 00:50,0
2025-06-28 01:50,0
2025-06-28 02:50,0
2025-06-28 03:50,0
2025-06-28 04:50,0
2025-06-28 05:50,0.1
2025-06-28 06:55,0.1
2025-06-28 07:50,0.4
2025-06-28 08:55,0.1
2025-06-28 09:55,0.3
2025-06-28 10:55,0
2025-06-28 11:55,0
2025-06-28 12:55,0
2025-06-28 13:55,0
2025-06-28 14:55,0
2025-06-28 15:55,0
2025-06-28 16:50,0
2025-06-28 17:50,0
2025-06-28 18:50,0
2025-06-28 19:55,0
2025-06-28 20:50,0
2025-06-28 21:50,0
2025-06-28 22:50,0
2025-06-28 23:50,0
2025-06-29 00:50,0
2025-06-29 01:50,0
2025-06-29 02:55,0
2025-06-29 03:55,0
2025-06-29 04:50,0
2025-06-29 05:50,0
2025-06-29 06:50,0
2025-06-29 07:50,0
2025-06-29 08:50,0
2025-06-29 09:50,0
2025-06-29 10:50,0
2025-06-29 11:50,0
2025-06-29 12:50,0
2025-06-29 13:50,0
2025-06-29 14:55,0
2025-06-29 15:55,0
2025-06-29 16:55,0
2025-06-29 17:55,0
2025-06-29 18:55,0
2025-06-29 19:55,0
2025-06-29 20:55,0
2025-06-29 21:55,0
2025-06-29 22:55,0
2025-06-29 23:55,0
2025-06-30 00:55,0
2025-06-30 01:55,0
2025-06-30 02:55,0
2025-06-30 03:55,0
2025-06-30 04:55,0
2025-06-30 05:55,0
2025-06-30 06:55,0
2025-06-30 07:55,0
2025-06-30 08:55,0
2025-06-30 09:55,0
2025-06-30 10:55,0
2025-06-30 11:55,0
2025-06-30 12:55,0
2025-06-30 13:55,0
2025-06-30 14:55,0
2025-06-30 15:50,0
2025-06-30 16:50,0
2025-06-30 17:55,0
2025-06-30 18:50,0
2025-06-30 19:55,0
2025-06-30 20:55,0
2025-06-30 21:50,0
2025-06-30 22:50,0
2025-06-30 23:50,0
2025-07-01 00:50,0
2025-07-01 01:50,0
2025-07-01 02:55,0
2025-07-01 03:50,0
2025-07-01 04:50,0
2025-07-01 05:50,0
2025-07-01 06:55,0
2025-07-01 07:50,0
2025-07-01 08:50,0
2025-07-01 09:55,0
2025-07-01 10:55,0
2025-07-01 11:55,0
2025-07-01 12:55,0
2025-07-01 13:55,0
2025-07-01 14:55,0
2025-07-01 15:55,0
2025-07-01 16:55,0
2025-07-01 17:55,0
2025-07-01 18:55,0
2025-07-01 19:55,0
2025-07-01 20:55,0
2025-07-01 21:55,0
2025-07-01 22:55,0
2025-07-01 23:55,0
2025-07-02 00:55,0
2025-07-02 01:55,0
2025-07-02 02:55,0
2025-07-02 09:50,0
2025-07-02 09:50,0
2025-07-02 10:50,0
2025-07-02 11:50,0
2025-07-02 12:50,0
2025-07-02 13:55,0
2025-07-02 14:55,0
2025-07-02 15:55,0
2025-07-02 16:50,0
2025-07-02 17:55,0
2025-07-02 18:50,0
2025-07-02 19:50,0
2025-07-02 20:55,0
2025-07-02 21:50,0
2025-07-02 22:50,0.1
2025-07-02 23:50,0
2025-07-03 00:50,0.2
2025-07-03 01:50,0.2
2025-07-03 02:55,0
2025-07-03 03:55,0
2025-07-03 04:55,0
2025-07-03 05:55,0
2025-07-03 06:50,0
2025-07-03 07:55,0
2025-07-03 08:55,0
2025-07-03 09:55,0
2025-07-03 10:55,0
2025-07-03 11:55,0
2025-07-03 12:55,0
2025-07-03 13:55,0
2025-07-03 14:55,0
2025-07-03 15:50,0
2025-07-03 16:55,0
2025-07-03 17:55,0
2025-07-03 18:55,0
2025-07-03 19:55,0
2025-07-03 20:55,0
2025-07-03 21:55,0
2025-07-03 22:55,0
2025-07-03 23:55,0
2025-07-04 00:55,0
2025-07-04 01:55,0
2025-07-04 02:50,0
2025-07-04 03:50,0
2025-07-04 04:50,0
2025-07-04 05:50,0
2025-07-04 06:50,0
2025-07-04 07:50,0
2025-07-04 08:50,0
2025-07-04 09:50,0
2025-07-04 10:55,0
2025-07-04 11:50,0
2025-07-04 12:50,0
2025-07-04 13:50,0.9
2025-07-04 14:50,0
2025-07-04 15:55,0
2025-07-04 16:50,1.4
2025-07-04 17:50,0
2025-07-04 18:50,1
2025-07-04 19:55,0.2
2025-07-04 20:50,0.5
2025-07-04 21:55,0.1
2025-07-04 22:55,0.1
2025-07-04 23:55,0
2025-07-05 00:55,0
2025-07-05 01:55,0
2025-07-05 02:55,0.1
2025-07-05 03:50,0.1
2025-07-05 04:55,1
2025-07-05 05:55,0.2
2025-07-05 06:55,0
2025-07-05 07:55,0.6
2025-07-05 08:55,0.1
2025-07-05 09:55,0.2
2025-07-05 10:55,0.1
2025-07-05 11:55,0.1
2025-07-05 12:50,0
2025-07-05 13:55,0
2025-07-05 14:55,0
2025-07-05 15:55,0
2025-07-05 16:55,0
2025-07-05 17:55,0.5
2025-07-05 18:55,0.1
2025-07-05 19:55,0
2025-07-05 20:50,0
2025-07-05 21:55,0
2025-07-05 22:55,0
2025-07-05 23:50,0
2025-07-06 00:50,0
2025-07-06 01:50,0
2025-07-06 02:55,0
2025-07-06 03:50,0
2025-07-06 04:50,0
2025-07-06 05:55,0
2025-07-06 06:50,0
2025-07-06 07:50,0
2025-07-06 08:55,0.1
2025-07-06 09:50,0
2025-07-06 10:50,0
2025-07-06 11:50,0
2025-07-06 12:50,0
2025-07-06 13:50,0
2025-07-06 14:50,0
2025-07-06 15:50,0
2025-07-06 16:50,0
2025-07-06 17:55,0
2025-07-06 18:55,0
2025-07-06 19:50,0
2025-07-06 20:55,0
2025-07-06 21:55,0
2025-07-06 22:55,0
2025-07-06 23:55,0
2025-07-07 00:55,0
2025-07-07 01:55,0
2025-07-07 02:55,0
2025-07-07 03:55,0
2025-07-07 04:55,0
2025-07-07 05:55,0
2025-07-07 06:55,0
2025-07-07 07:55,0
2025-07-07 08:55,0
2025-07-07 09:55,0
2025-07-07 10:55,0.1
2025-07-07 11:55,0.4
2025-07-07 12:55,0.5
2025-07-07 13:55,0.1
2025-07-07 14:55,0
2025-07-07 15:50,0
2025-07-07 16:50,0
2025-07-07 17:50,0
2025-07-07 18:55,0
2025-07-07 19:50,0
2025-07-07 20:50,0
2025-07-07 21:50,0
2025-07-07 22:50,0
2025-07-07 23:55,0
2025-07-08 00:50,0
2025-07-08 01:50,0
2025-07-08 02:50,0
2025-07-08 03:50,0
2025-07-08 04:50,0
2025-07-08 05:50,0
2025-07-08 06:50,0
2025-07-08 07:50,0
2025-07-08 08:55,0
2025-07-08 09:50,0
2025-07-08 10:45,0
2025-07-08 11:55,0
2025-07-08 12:55,0
2025-07-08 13:55,0
2025-07-08 14:55,0
2025-07-08 15:55,0
2025-07-08 16:55,0
2025-07-08 17:55,0
2025-07-08 18:55,0
2025-07-08 19:55,0
2025-07-08 20:55,0
2025-07-08 21:55,0
2025-07-08 22:55,0
2025-07-08 23:55,0
2025-07-09 00:55,0
2025-07-09 01:55,0
2025-07-09 02:55,0
2025-07-16 18:50,0
2025-07-16 19:50,0
2025-07-16 20:55,0.1
2025-07-16 21:55,0
2025-07-16 23:50,0
2025-07-17 00:50,0
2025-07-17 01:50,0
2025-07-17 02:50,0
2025-07-17 03:55,0
2025-07-17 04:50,0
2025-07-17 05:50,0
2025-07-17 06:50,0
2025-07-17 07:55,0
2025-07-17 08:55,0
2025-07-17 09:55,0
2025-07-17 10:55,0
2025-07-17 11:55,0
2025-07-17 12:55,0
2025-07-17 13:55,0
2025-07-17 15:55,0
2025-07-17 16:55,0
2025-07-17 17:55,0
2025-07-17 18:55,0
2025-07-17 19:55,0
2025-07-17 20:55,0
2025-07-17 21:55,0
2025-07-17 22:55,0
2025-07-17 23:55,0
2025-07-18 00:55,0
2025-07-18 01:55,0
2025-07-18 02:55,0
2025-07-18 03:55,0
2025-07-18 04:55,0
2025-07-18 05:55,0
2025-07-18 06:55,0
2025-07-18 07:55,0
2025-07-18 08:55,0
2025-07-18 09:50,0
2025-07-18 10:55,0
2025-07-18 11:50,0
2025-07-18 12:50,0
2025-07-18 13:50,0
2025-07-18 14:55,0
2025-07-18 15:55,0
2025-07-18 16:50,0
2025-07-18 17:50,0
2025-07-18 18:50,0
2025-07-18 19:55,0
2025-07-18 20:50,0
2025-07-18 21:50,0
2025-07-18 22:50,0
2025-07-18 23:55,0
2025-07-19 00:50,0
2025-07-19 01:50,0
2025-07-19 02:55,0
2025-07-19 03:55,0
2025-07-19 04:55,0
2025-07-19 05:55,0
2025-07-19 06:55,0
2025-07-19 07:55,0
2025-07-19 08:55,0
2025-07-19 09:55,0
2025-07-19 10:55,0
2025-07-19 11:55,0
2025-07-19 12:55,0
2025-07-19 13:55,0
2025-07-19 14:55,0
2025-07-19 15:55,0
2025-07-19 16:55,0
2025-07-19 17:55,0
2025-07-19 18:55,0
2025-07-19 19:55,0
2025-07-19 20:55,0
2025-07-19 21:55,0
2025-07-19 22:55,0
2025-07-19 23:55,0
2025-07-20 00:55,0
2025-07-20 01:55,0
2025-07-20 02:55,0
2025-07-20 03:55,0
2025-07-20 04:55,0
2025-07-20 05:50,0
2025-07-20 06:50,0
2025-07-20 07:50,0
2025-07-20 08:50,0
2025-07-20 09:50,0
2025-07-20 10:50,0
2025-07-20 11:50,0
2025-07-20 12:55,0
2025-07-20 13:50,0
2025-07-20 14:55,0
2025-07-20 15:55,0
2025-07-20 16:50,0
2025-07-20 17:50,0
2025-07-20 18:50,0
2025-07-20 19:50,0
2025-07-20 20:50,0
2025-07-20 21:55,0
2025-07-20 22:55,0
2025-07-20 23:55,0
2025-07-21 00:55,0
2025-07-21 01:55,0
2025-07-21 02:55,0
2025-07-21 03:55,0
2025-07-21 04:55,0
2025-07-21 05:55,0
2025-07-21 06:55,0
2025-07-21 07:55,0
2025-07-21 08:55,0
2025-07-21 09:55,0
2025-07-21 10:55,0
2025-07-21 11:55,0
2025-07-21 12:55,0
2025-07-21 13:55,0
2025-07-21 14:55,0
2025-07-21 15:55,0
2025-07-21 16:55,0
2025-07-21 17:55,0
2025-07-21 18:55,0
2025-07-21 19:55,0
2025-07-21 20:50,0
2025-07-21 21:55,0
2025-07-21 22:50,0
2025-07-21 23:50,0
2025-07-22 00:50,0
2025-07-22 01:50,0
2025-07-22 02:50,0
2025-07-22 03:50,0
2025-07-22 04:50,0
2025-07-22 05:50,0
2025-07-22 06:50,0
2025-07-22 07:50,0
2025-07-22 08:50,0
2025-07-22 09:55,0
2025-07-22 10:50,0
2025-07-22 11:50,0
2025-07-22 12:50,0
2025-07-22 13:50,0
2025-07-22 14:50,0
2025-07-22 15:55,0
2025-07-22 16:55,0
2025-07-22 17:55,0
2025-07-22 18:55,0
2025-07-22 19:55,0
2025-07-22 20:55,0
2025-07-22 21:55,0
2025-07-22 22:55,0
2025-07-22 23:55,0
2025-07-23 00:55,0
2025-07-23 01:55,0
2025-07-23 02:55,0
2025-07-23 03:55,0
2025-07-23 04:55,0
2025-07-23 05:55,0
2025-07-23 06:55,0
2025-07-23 07:50,0
2025-07-23 08:50,0
2025-07-23 09:55,0
2025-07-23 10:55,0
2025-07-23 11:55,0
2025-07-23 12:55,0
2025-07-23 13:55,0
2025-07-23 14:55,0
2025-07-23 15:55,0.4
2025-07-23 16:55,0.4
2025-07-23 17:50,0.1
2025-07-23 18:50,0
2025-07-23 19:55,0
2025-07-23 20:55,0
2025-07-23 21:55,0
2025-07-23 22:55,0
2025-07-23 23:55,0
2025-07-24 00:50,0
2025-07-24 01:55,0
2025-07-24 02:55,0
2025-07-24 03:50,0
2025-07-24 04:50,0
2025-07-24 05:55,0
2025-07-24 06:55,0
2025-07-24 07:50,0
2025-07-24 08:55,0
2025-07-24 09:55,0
2025-07-24 10:55,0
2025-07-24 11:55,0
2025-07-24 12:55,0
2025-07-24 13:55,0
2025-07-24 14:55,0
2025-07-24 15:55,0
2025-07-24 16:55,0.4
2025-07-24 17:55,0
2025-07-24 18:55,0
2025-07-24 19:55,0
2025-07-24 20:55,0
2025-07-24 21:55,0
2025-07-24 22:55,0
2025-07-24 23:55,0
2025-07-25 00:55,0
2025-07-25 01:55,0
2025-07-25 02:55,0
2025-07-25 03:55,0
2025-07-25 04:55,0
2025-07-25 05:55,0
2025-07-25 06:55,0
2025-07-25 07:55,0
2025-07-25 08:55,0
2025-07-25 09:55,0
2025-07-25 10:55,0
2025-07-25 11:55,0
2025-07-25 12:55,0
2025-07-25 13:55,0
2025-07-25 14:55,0
2025-07-25 15:55,0
2025-07-25 16:55,0
2025-07-25 17:55,0
2025-07-25 18:55,0
2025-07-25 19:55,0
2025-07-25 20:50,0
2025-07-25 21:55,0
2025-07-25 22:55,0
2025-07-25 23:55,0
2025-07-26 00:55,0
2025-07-26 01:55,0
2025-07-26 02:55,0
2025-07-26 03:55,0
2025-07-26 04:55,0
2025-07-26 05:55,0
2025-07-26 06:50,0
2025-07-26 07:50,0
2025-07-26 08:55,0
2025-07-26 09:55,0
2025-07-26 10:55,0
2025-07-26 11:55,0
2025-07-26 12:55,0
2025-07-26 13:55,0
2025-07-26 14:55,0
2025-07-26 15:55,0
2025-07-26 16:55,0
2025-07-26 17:55,0
2025-07-26 18:55,0
2025-07-26 19:55,0
2025-07-26 20:55,0
2025-07-26 21:55,0
2025-07-26 22:55,0
2025-07-26 23:55,0
2025-07-27 00:55,0
2025-07-27 01:50,0
2025-07-27 02:55,0
2025-07-27 03:55,0
2025-07-27 04:50,0
2025-07-27 05:50,0
2025-07-27 06:50,0
2025-07-27 07:55,0
2025-07-27 08:55,0
2025-07-27 09:55,0
2025-07-27 10:55,0
2025-07-27 11:55,0
2025-07-27 12:55,0
2025-07-27 13:50,0
2025-07-27 14:55,0
2025-07-27 15:55,0
2025-07-27 16:55,0
2025-07-27 17:50,0
2025-07-27 18:55,0
2025-07-27 19:50,0
2025-07-27 20:55,0
2025-07-27 21:55,0
2025-07-27 22:55,0
2025-07-27 23:55,0
2025-07-28 00:55,0
2025-07-28 01:55,0
2025-07-28 02:55,0
2025-07-28 03:50,0
2025-07-28 04:55,0
2025-07-28 05:55,0
2025-07-28 06:55,0
2025-07-28 07:55,0
2025-07-28 08:50,0
2025-07-28 09:55,0
2025-07-28 10:55,0
2025-07-28 11:55,0
2025-07-28 12:55,0
2025-07-28 13:55,0
2025-07-28 14:55,0
2025-07-28 15:55,0
2025-07-28 16:55,0
2025-07-28 17:55,0
2025-07-28 18:50,0
2025-07-28 19:50,0
2025-07-28 20:50,0
2025-07-28 21:50,0
2025-07-28 22:55,0
2025-07-28 23:55,0
2025-07-29 00:50,0
2025-07-29 01:55,0
2025-07-29 02:55,0
2025-07-29 03:55,0
2025-07-29 04:55,0
2025-07-29 05:55,0
2025-07-29 06:55,0
2025-07-29 07:55,0
2025-07-29 08:55,0
2025-07-29 09:55,0
2025-07-29 10:55,0
2025-07-29 11:55,0
2025-07-29 12:55,0
2025-07-29 13:55,0
2025-07-29 14:55,0
2025-07-29 15:50,0
2025-07-29 16:55,0
2025-07-29 17:55,0
2025-07-29 18:50,0
2025-07-29 19:50,0
2025-07-29 20:50,0
2025-07-29 21:55,0
2025-07-29 22:50,0
2025-07-29 23:50,0
2025-07-30 00:50,0
2025-07-30 01:55,0
2025-07-30 02:55,0
2025-07-30 03:55,0
2025-07-30 04:50,0
2025-07-30 05:55,0
2025-07-30 06:55,0
2025-07-30 07:55,0
2025-07-30 08:50,0
2025-07-30 09:50,0
2025-07-30 10:55,0
2025-07-30 11:55,0
2025-07-30 12:55,0
2025-07-30 13:50,0
2025-07-30 14:55,0
2025-07-30 15:55,0
2025-07-30 16:55,0
2025-07-30 17:50,0
2025-07-30 18:55,0
2025-07-30 19:55,0
2025-07-30 20:50,0
2025-07-30 21:55,0
2025-07-30 22:55,0
2025-07-30 23:50,0
2025-07-31 00:55,0
2025-07-31 01:55,0
2025-07-31 02:55,0
2025-07-31 03:55,0
2025-07-31 04:55,0
2025-07-31 05:55,0
2025-07-31 06:55,0
2025-07-31 07:55,0
2025-07-31 08:55,0
2025-07-31 09:55,0
2025-07-31 10:55,0
2025-07-31 11:55,0
2025-07-31 12:55,0
2025-07-31 13:55,0
2025-07-31 14:55,0
2025-07-31 15:55,0
2025-07-31 16:55,0
2025-07-31 17:55,0
2025-07-31 18:55,0
2025-07-31 19:55,0
2025-07-31 20:50,0
2025-07-31 21:55,0
2025-07-31 22:55,0
2025-07-31 23:55,0
2025-08-01 00:55,0
2025-08-01 01:55,0.1
2025-08-01 02:55,0
2025-08-01 03:55,0
2025-08-01 04:55,0
2025-08-01 05:55,0
2025-08-01 06:55,0
2025-08-01 07:50,0
2025-08-01 08:50,0
2025-08-01 09:55,0
2025-08-01 10:50,0
2025-08-01 11:55,0
2025-08-01 12:55,0
2025-08-01 13:55,0
2025-08-01 14:55,0
2025-08-01 15:50,0.1
2025-08-01 16:50,0
2025-08-01 17:50,0.3
2025-08-01 18:50,0
2025-08-01 19:50,0
2025-08-01 20:55,0
2025-08-01 21:55,0
2025-08-01 22:55,0
2025-08-01 23:50,0
2025-08-02 00:50,0
2025-08-02 01:55,0
2025-08-02 02:50,0
2025-08-02 03:55,0
2025-08-02 04:50,0
2025-08-02 05:50,0
2025-08-02 06:55,0
2025-08-02 07:55,0
2025-08-02 08:55,0
2025-08-02 09:50,0
2025-08-02 10:55,0
2025-08-02 11:55,0
2025-08-02 12:55,0
2025-08-02 13:50,0.1
2025-08-02 14:55,0.2
2025-08-02 15:55,0
2025-08-02 16:55,0
2025-08-02 17:50,0
2025-08-02 18:50,0
2025-08-02 19:50,0.2
2025-08-02 20:55,0
2025-08-02 21:55,0
2025-08-02 22:50,0
2025-08-02 23:50,0
2025-08-03 00:55,0
2025-08-03 01:50,0
2025-08-03 02:50,0
2025-08-03 03:55,0
2025-08-03 04:55,0
2025-08-03 05:55,0
2025-08-03 06:55,0
2025-08-03 07:55,0
2025-08-03 08:55,0
2025-08-03 09:50,0
2025-08-03 10:55,0
2025-08-03 11:55,0
2025-08-03 12:55,0
2025-08-03 13:55,1
2025-08-03 14:55,0
2025-08-03 15:55,0.2
2025-08-03 16:50,0
2025-08-03 17:55,0.1
2025-08-03 18:55,0
2025-08-03 19:55,0
2025-08-03 20:55,0.1
2025-08-03 21:50,0
2025-08-03 22:55,0.3
2025-08-03 23:50,0
2025-08-04 00:50,0
2025-08-04 01:50,0.1
2025-08-04 02:55,0
2025-08-04 03:50,0
2025-08-04 04:55,0
2025-08-04 05:55,0
2025-08-04 06:55,0
2025-08-04 07:50,0
2025-08-04 08:50,0.1
2025-08-04 09:55,0.1
2025-08-04 10:55,0
2025-08-04 11:55,0
2025-08-04 12:55,0
2025-08-04 13:50,0
2025-08-04 14:55,0
2025-08-04 15:50,0
2025-08-04 16:55,0
2025-08-04 17:55,0
2025-08-04 18:55,0
2025-08-04 19:55,0.2
2025-08-04 20:55,0.2
2025-08-04 21:55,0.1
2025-08-04 22:55,0.6
2025-08-04 23:55,0.4
2025-08-05 00:55,0.4
2025-08-05 01:50,0.1
2025-08-05 02:55,0
2025-08-05 03:55,0
2025-08-05 04:50,0
2025-08-05 05:55,0
2025-08-05 06:50,0
2025-08-05 07:50,0
2025-08-05 08:55,0
2025-08-05 09:55,0
2025-08-05 10:55,0
2025-08-05 11:55,0
2025-08-05 12:55,0
2025-08-05 13:55,0
2025-08-05 14:55,0
2025-08-05 15:55,1.3
2025-08-05 16:50,0
2025-08-05 17:55,0
2025-08-05 18:50,0
2025-08-05 19:55,0
2025-08-05 20:55,0
2025-08-05 21:55,0
2025-08-05 22:55,0
2025-08-05 23:50,0
2025-08-06 00:55,0
2025-08-06 01:55,0
2025-08-06 02:50,0
2025-08-06 22:55,0
2025-08-06 23:55,0
2025-08-07 00:55,0
2025-08-07 01:55,0
2025-08-07 02:50,0
2025-08-07 03:55,0
2025-08-07 04:55,0
2025-08-07 05:55,0
2025-08-07 06:55,0
2025-08-07 07:55,0
2025-08-07 08:55,0
2025-08-07 09:50,0
2025-08-07 10:50,0
2025-08-07 11:55,0
2025-08-07 12:50,0
2025-08-07 13:55,0
2025-08-07 14:55,0
2025-08-07 15:55,0
2025-08-07 16:50,0
2025-08-07 17:55,0
2025-08-07 18:55,0
2025-08-07 19:55,0
2025-08-07 20:50,0
2025-08-07 21:50,0
2025-08-07 22:55,0
2025-08-07 23:55,0
2025-08-08 00:55,0
2025-08-08 01:50,0
2025-08-08 01:50,0
2025-08-08 03:55,0
2025-08-08 04:55,0
2025-08-08 05:50,0
2025-08-08 06:50,0
2025-08-08 07:55,0
2025-08-08 08:50,0
2025-08-08 09:55,0
2025-08-08 10:55,0
2025-08-08 11:55,0
2025-08-08 12:55,0
2025-08-08 13:55,0
2025-08-08 14:55,0
2025-08-08 15:55,0
2025-08-08 16:50,0.1
2025-08-08 17:55,0
2025-08-08 18:55,0
2025-08-08 19:55,0
2025-08-08 20:55,0
2025-08-08 21:55,0
2025-08-08 22:55,0
2025-08-08 23:55,0
2025-08-09 00:50,0
2025-08-09 01:55,0
2025-08-09 02:55,0
2025-08-09 03:55,0
2025-08-09 04:55,0
2025-08-09 05:55,0
2025-08-09 06:50,0
2025-08-09 07:55,0
2025-08-09 08:55,0
2025-08-09 09:55,0
2025-08-09 10:50,0
2025-08-09 11:55,0
2025-08-09 12:55,0
2025-08-09 13:50,0
2025-08-09 14:55,0
2025-08-09 15:55,0
2025-08-09 16:55,0
2025-08-09 17:55,0
2025-08-09 18:55,0
2025-08-09 19:55,0
2025-08-09 20:55,0
2025-08-09 21:50,0
2025-08-09 22:50,0
2025-08-09 23:55,0
2025-08-10 00:55,0
2025-08-10 01:55,0
2025-08-10 02:50,0
2025-08-10 03:55,0
2025-08-10 04:55,0
2025-08-10 05:55,0
2025-08-10 06:50,0
2025-08-10 07:55,0
2025-08-10 08:55,0
2025-08-10 09:50,0
2025-08-10 10:55,0
2025-08-10 11:50,0
2025-08-10 12:50,0
2025-08-10 13:55,0
2025-08-10 14:55,0
2025-08-10 15:50,0
2025-08-10 16:50,0
2025-08-10 17:55,0
2025-08-10 18:50,0
2025-08-10 19:55,0
2025-08-10 20:55,0
2025-08-10 21:55,0
2025-08-10 22:55,0
2025-08-10 23:50,0
2025-08-11 00:55,0
2025-08-11 01:55,0
2025-08-11 02:55,0
2025-08-11 03:55,0
2025-08-11 04:50,0
2025-08-11 05:50,0
2025-08-11 06:50,0
2025-08-11 07:50,0
2025-08-11 08:55,0
2025-08-11 09:55,0
2025-08-11 10:55,0
2025-08-11 11:55,0
2025-08-11 12:55,0
2025-08-11 13:55,0
2025-08-11 14:55,0
2025-08-11 15:55,0
2025-08-11 16:55,0
2025-08-11 17:55,0
2025-08-11 18:55,0
2025-08-11 19:50,0
2025-08-11 20:50,0
2025-08-11 21:55,0.1
2025-08-11 22:55,0
2025-08-11 23:55,0
2025-08-12 00:55,0
2025-08-12 01:50,0
2025-08-12 02:55,0
2025-08-12 03:50,0
2025-08-12 04:50,0
2025-08-12 05:50,0
2025-08-12 06:55,0
2025-08-12 07:55,0
2025-08-12 08:55,0
2025-08-12 09:55,0
2025-08-12 10:55,0
2025-08-12 11:55,0
2025-08-12 12:55,0
2025-08-12 13:55,0
2025-08-12 14:55,0
2025-08-12 15:55,0
2025-08-12 16:55,0
2025-08-12 17:55,0
2025-08-12 18:55,0
2025-08-12 19:55,0
2025-08-12 20:55,0
2025-08-12 21:55,0
2025-08-12 22:55,0
2025-08-12 23:55,0
2025-08-13 00:55,0
2025-08-13 01:55,0
2025-08-13 02:50,0
2025-08-13 03:55,0
2025-08-13 04:55,0
2025-08-13 05:55,0
2025-08-13 06:55,0
2025-08-13 07:55,0
2025-08-13 08:50,0
2025-08-13 09:50,0
2025-08-13 10:55,0
2025-08-13 11:55,0
2025-08-13 12:50,0
2025-08-13 13:55,0
2025-08-13 14:55,0
2025-08-13 15:55,0
2025-08-13 16:55,0
2025-08-13 17:55,0
2025-08-13 18:55,0
2025-08-13 19:55,0
2025-08-13 20:55,0
2025-08-13 21:55,0
2025-08-13 22:50,0
2025-08-13 23:50,0
2025-08-14 00:55,0
2025-08-14 01:55,0
2025-08-14 02:50,0
2025-08-14 03:55,0
2025-08-14 04:55,0
2025-08-14 05:55,0
2025-08-14 06:55,0
2025-08-14 07:55,0
2025-08-14 08:55,0
2025-08-14 09:00,0
2025-08-14 10:05,0
2025-08-14 10:05,0
2025-08-14 10:05,0
2025-08-14 10:05,0
2025-08-14 10:05,0
2025-08-14 10:05,0
2025-08-14 10:05,0
2025-08-14 10:05,0
2025-08-14 10:05,0
2025-08-14 10:05,0
2025-08-14 10:05,0
2025-08-14 10:05,0
2025-08-14 10:05,0
2025-08-14 10:05,0
2025-08-14 10:05,0
2025-08-14 10:05,0
2025-08-14 10:05,0
2025-08-14 10:05,0
2025-08-14 10:05,0
2025-08-14 10:05,0
2025-08-14 10:05,0
2025-08-14 10:05,0
2025-08-14 10:05,0
2025-08-14 10:05,0
2025-08-15 03:00,0
2025-08-15 11:30,0
2025-08-15 12:55,0
2025-08-15 13:55,0
2025-08-15 14:55,0
2025-08-15 15:55,0
2025-08-15 16:55,0
2025-08-15 17:55,0
2025-08-15 18:55,0
2025-08-15 19:55,0
2025-08-15 20:55,0
2025-08-15 21:55,0
2025-08-15 22:55,0
2025-08-15 23:55,0
2025-08-16 00:55,0
2025-08-16 01:55,0
2025-08-16 02:55,0
2025-08-16 03:55,0
2025-08-16 04:55,0
2025-08-16 05:55,0
2025-08-16 06:55,0
2025-08-16 07:55,0
2025-08-16 08:55,0
2025-08-16 09:55,0
2025-08-16 10:55,0
2025-08-16 11:55,0
2025-08-16 12:55,0
2025-08-16 13:55,0
2025-08-16 14:55,0
2025-08-16 15:55,0
2025-08-16 16:55,0
2025-08-16 17:55,0
2025-08-16 18:55,0
2025-08-16 19:55,0
2025-08-16 20:55,0
2025-08-16 21:55,0
2025-08-16 22:55,0
2025-08-16 23:55,0
2025-08-17 00:55,0
2025-08-17 01:55,0
2025-08-17 02:55,0
2025-08-17 03:55,0
2025-08-17 04:55,0
2025-08-17 05:55,0
2025-08-17 06:55,0
2025-08-17 07:55,0
2025-08-17 08:55,0
2025-08-17 09:55,0
2025-08-17 10:55,0
2025-08-17 11:55,0
2025-08-17 12:55,0
2025-08-17 13:55,0
2025-08-17 14:55,0
2025-08-17 15:55,0
2025-08-17 16:55,0
2025-08-17 17:55,0
2025-08-17 18:55,0
2025-08-17 19:55,0
2025-08-17 20:55,0
2025-08-17 21:55,0
2025-08-17 22:55,0
2025-08-17 23:55,0
2025-08-18 00:55,0
2025-08-18 01:55,0
2025-08-18 02:55,0
2025-08-18 03:55,0
2025-08-18 04:55,0
2025-08-18 05:55,0
2025-08-18 06:55,0
2025-08-18 07:55,0
2025-08-18 08:55,0
2025-08-18 09:55,0
2025-08-18 10:55,0
2025-08-18 11:55,0
2025-08-18 12:55,0
2025-08-18 13:55,0
2025-08-18 14:55,0
2025-08-18 15:55,0
2025-08-18 16:55,0
2025-08-18 17:55,0
2025-08-18 18:55,0
2025-08-18 19:55,0
2025-08-18 20:55,0
2025-08-18 21:55,0
2025-08-18 22:55,0
2025-08-18 23:55,0
2025-08-19 00:55,0
2025-08-19 01:55,0
2025-08-19 02:55,0
2025-08-19 03:55,0
2025-08-19 04:55,0
2025-08-19 05:55,0
2025-08-19 06:55,0
2025-08-19 07:55,0
2025-08-19 08:55,0
2025-08-19 09:55,0
2025-08-19 10:55,0
2025-08-19 11:55,0
2025-08-19 12:55,0
2025-08-19 13:55,0
2025-08-19 14:55,0
2025-08-19 15:55,0
2025-08-19 16:55,0
2025-08-19 17:55,0
2025-08-19 18:55,0
2025-08-19 19:55,0
2025-08-19 20:55,0
2025-08-19 21:55,0
2025-08-19 22:55,0
2025-08-19 23:55,0
2025-08-20 00:55,0
2025-08-20 01:55,0
2025-08-20 02:55,0
2025-08-21 20:55,0
2025-08-21 21:05,0
2025-08-21 21:55,0
2025-08-21 22:55,0
2025-08-21 23:55,0
2025-08-22 00:55,0
2025-08-22 01:55,0
2025-08-22 02:55,0
2025-08-22 03:55,0
2025-08-22 04:55,0
2025-08-22 05:55,0
2025-08-22 06:55,0
2025-08-22 07:55,0
2025-08-22 08:55,0
2025-08-22 09:55,0
2025-08-22 10:55,0
2025-08-22 11:55,0
2025-08-22 12:55,0
2025-08-22 13:55,0
2025-08-22 14:55,0
2025-08-22 15:55,0
2025-08-22 16:55,0
2025-08-22 17:55,0
2025-08-22 18:55,0
2025-08-22 19:55,0
2025-08-22 20:55,0
2025-08-22 21:55,0
2025-08-22 22:55,0
2025-08-22 23:55,0
2025-08-23 00:55,0
2025-08-23 01:55,0
2025-08-23 02:55,0
2025-08-23 03:55,0
2025-08-23 04:55,0
2025-08-23 05:55,0
2025-08-23 06:55,0
2025-08-23 07:55,0
2025-08-23 08:55,0
2025-08-23 09:55,0
2025-08-23 10:55,0
2025-08-23 11:55,0
2025-08-23 12:55,0
2025-08-23 13:55,0
2025-08-23 14:55,0
2025-08-23 15:55,0
2025-08-23 16:55,0
2025-08-23 17:55,0
2025-08-23 18:55,0
2025-08-23 19:55,0
2025-08-23 20:55,0
2025-08-23 21:55,0
2025-08-23 22:55,0
2025-08-23 23:55,0
2025-08-24 00:55,0
2025-08-24 01:55,0
2025-08-24 02:55,0
2025-08-24 03:55,0
2025-08-24 04:55,0
2025-08-24 05:55,0
2025-08-24 06:55,0
2025-08-24 07:55,0
2025-08-24 08:55,0
2025-08-24 09:55,0
2025-08-24 10:55,0
2025-08-24 11:55,0
2025-08-24 12:55,0
2025-08-24 13:55,0
2025-08-24 14:55,0
2025-08-24 15:55,0
2025-08-24 16:55,0
2025-08-24 17:55,0
2025-08-24 18:55,0
2025-08-24 19:55,0
2025-08-24 20:55,0
2025-08-24 21:55,0
2025-08-24 22:55,0
2025-08-24 23:55,0
2025-08-25 00:55,0
2025-08-25 01:55,0
2025-08-25 02:55,0
2025-08-25 03:55,0
2025-08-25 04:55,0
2025-08-25 05:55,0
2025-08-25 06:55,0
2025-08-25 07:55,0
2025-08-25 08:55,0
2025-08-25 09:55,0
2025-08-25 10:55,0
2025-08-25 11:55,0
2025-08-25 12:55,0
2025-08-25 13:55,0
2025-08-25 14:55,0
2025-08-25 15:55,0
2025-08-25 16:55,0
2025-08-25 17:55,0
2025-08-25 18:55,0
2025-08-25 19:55,0
2025-08-25 20:55,0
2025-08-25 21:55,0
2025-08-25 22:55,0
2025-08-25 23:55,0
2025-08-26 00:55,0
2025-08-26 01:55,0
2025-08-26 02:55,0
2025-08-26 03:55,0
2025-08-26 04:55,0
2025-08-26 05:55,0
2025-08-26 06:55,0
2025-08-26 07:55,0
2025-08-26 08:55,0
2025-08-26 09:55,0
2025-08-26 10:55,0
2025-08-26 11:55,0
2025-08-26 12:55,0
2025-08-26 13:55,0
2025-08-26 14:55,0
2025-08-26 15:55,0
2025-08-26 16:55,0
2025-08-26 17:55,0
2025-08-26 18:55,0
2025-08-26 19:55,0
2025-08-26 20:55,0
2025-08-26 21:55,0
2025-08-26 22:55,0
2025-08-26 23:55,0
2025-08-27 00:55,0
2025-08-27 01:55,0
2025-08-27 02:55,0
2025-08-27 03:55,0
2025-08-27 04:55,0
2025-08-27 05:55,0
2025-08-27 06:55,0
2025-08-27 07:55,0
2025-08-27 08:55,0
2025-08-27 09:55,0
2025-08-27 10:55,0
2025-08-27 11:55,0
2025-08-27 12:55,0
2025-08-27 13:55,0
2025-08-27 14:55,0
2025-08-27 15:55,0
2025-08-27 16:55,0
2025-08-27 17:55,0
2025-08-27 18:55,0
2025-08-27 19:55,0
2025-08-27 20:55,0
2025-08-27 21:55,0
2025-08-27 22:55,0
2025-08-27 23:55,0
2025-08-28 00:55,0
2025-08-28 01:55,0
2025-08-28 02:55,0
2025-08-28 03:55,0
2025-08-28 04:55,0
2025-08-28 05:55,0
2025-08-28 06:55,0
2025-08-28 07:55,0
2025-08-28 08:55,0
2025-08-28 09:55,0
2025-08-28 10:55,0
2025-08-28 11:55,0
2025-08-28 12:55,0
2025-08-28 13:55,0
2025-08-28 14:55,0
2025-08-28 15:55,0
2025-08-28 16:55,0
2025-08-28 17:55,0
2025-08-28 18:55,0
2025-08-28 19:55,0
2025-08-28 20:55,0
2025-08-28 21:55,0
2025-08-28 22:55,0
2025-08-28 23:55,0
2025-08-29 00:55,0
2025-08-29 01:55,0
2025-08-29 02:55,0
2025-08-29 03:55,0
2025-08-29 04:55,0
2025-08-29 05:55,0
2025-08-29 06:55,0
2025-08-29 07:55,0
2025-08-29 08:55,0.7
2025-08-29 09:55,0.1
2025-08-29 10:55,0
2025-08-29 11:55,0
2025-08-29 12:55,0
2025-08-29 13:55,0
2025-08-29 14:55,0
2025-08-29 15:55,0
2025-08-29 16:55,0
2025-08-29 17:55,0
2025-08-29 18:55,0
2025-08-29 19:55,0
2025-08-29 20:55,0
2025-08-29 21:55,0
2025-08-29 22:55,0
2025-08-29 23:55,0
2025-08-30 00:55,0
2025-08-30 01:55,0
2025-08-30 02:55,0
2025-08-30 03:55,0
2025-08-30 04:55,0
2025-08-30 05:55,0
2025-08-30 06:55,0
2025-08-30 07:55,0
2025-08-30 08:55,0
2025-08-30 09:55,0
2025-08-30 10:15,0
2025-08-30 11:55,0
2025-08-30 12:55,0
2025-08-30 13:55,0
2025-08-30 14:55,0
2025-08-30 15:55,0
2025-08-30 16:55,0
2025-08-30 17:55,0
2025-08-30 18:55,0
2025-08-30 19:55,0
2025-08-30 20:55,0
2025-08-30 21:55,0
2025-08-30 22:55,0
2025-08-30 23:55,0
2025-08-31 00:55,0
2025-08-31 01:55,0
2025-08-31 02:55,0
2025-08-31 03:55,0
2025-08-31 04:55,0
2025-08-31 05:55,0
2025-08-31 06:55,0
2025-08-31 07:55,0
2025-08-31 08:55,0
2025-08-31 09:55,0
2025-08-31 10:55,0
2025-08-31 11:55,0
2025-08-31 12:55,0
2025-08-31 13:55,0
2025-08-31 14:55,0
2025-08-31 15:55,0
2025-08-31 16:55,0
2025-08-31 17:55,0
2025-08-31 18:55,0
2025-08-31 19:55,0
2025-08-31 20:55,0
2025-08-31 21:55,0
2025-08-31 22:55,0
2025-08-31 23:55,0
2025-09-01 00:55,0
2025-09-01 01:55,0
2025-09-01 02:55,0
2025-09-01 03:55,0
2025-09-01 04:55,0
2025-09-01 05:55,0
2025-09-01 06:55,0
2025-09-01 07:55,0
2025-09-01 08:55,0
2025-09-01 09:55,0
2025-09-01 10:55,0
2025-09-01 11:55,0
2025-09-01 12:55,0
2025-09-01 13:50,0
2025-09-01 14:50,0
2025-09-01 15:40,0
2025-09-01 16:55,0
2025-09-01 17:55,0
2025-09-01 18:55,0
2025-09-01 19:55,0
2025-09-01 20:50,0
2025-09-01 21:55,3.4
2025-09-01 22:50,0.3
2025-09-01 23:55,0.8
2025-09-02 00:55,0.1
2025-09-02 01:55,0
2025-09-02 02:55,0
2025-09-02 03:50,0
2025-09-02 04:55,0
2025-09-02 05:45,0
2025-09-02 06:50,0
2025-09-02 07:55,0
2025-09-02 08:55,0
2025-09-02 09:55,0
2025-09-02 10:50,0
2025-09-02 11:55,0
2025-09-02 12:45,0
2025-09-02 13:55,0
2025-09-02 14:55,0
2025-09-02 15:55,0
2025-09-02 16:55,0
2025-09-02 17:55,0
2025-09-02 18:55,0
2025-09-02 19:55,0
2025-09-02 20:55,0
2025-09-02 21:55,0
2025-09-02 22:55,0
2025-09-02 23:55,0
2025-09-03 00:55,0
2025-09-03 01:55,0
2025-09-03 02:55,0
2025-09-03 03:55,0
2025-09-03 04:55,0
2025-09-03 05:55,0
2025-09-03 06:55,0
2025-09-03 07:55,0
2025-09-03 08:55,0
2025-09-03 09:55,0
2025-09-03 10:35,0
2025-09-03 10:40,0
2025-09-03 10:40,0
2025-09-03 10:40,0
2025-09-03 12:25,0
2025-09-03 13:05,0
2025-09-03 16:30,0
2025-09-03 17:55,0
2025-09-03 18:55,0
2025-09-03 19:45,0
2025-09-03 20:55,0
2025-09-03 21:55,0
2025-09-03 22:55,0.1
2025-09-03 23:55,0
2025-09-04 00:55,0
2025-09-04 01:55,0
2025-09-04 02:55,0
2025-09-04 03:55,0
2025-09-04 04:55,0
2025-09-04 05:55,0
2025-09-04 06:55,0
2025-09-04 07:55,0
2025-09-04 08:55,0
2025-09-04 09:55,0
2025-09-04 10:55,0
2025-09-04 11:55,0
2025-09-04 12:55,0
2025-09-04 13:55,0
2025-09-04 14:55,0
2025-09-04 15:55,0
2025-09-04 16:55,0
2025-09-04 17:55,0
2025-09-04 18:55,0
2025-09-04 19:55,0
2025-09-04 20:55,0
2025-09-04 21:55,0
2025-09-04 22:55,0
2025-09-04 23:55,0
2025-09-05 00:55,0
2025-09-05 01:55,0
2025-09-05 02:55,0
2025-09-05 03:55,0
2025-09-05 04:55,0
2025-09-05 05:55,0
2025-09-05 06:55,0
2025-09-05 07:55,0
2025-09-05 08:55,1.9
2025-09-05 09:55,2.7
2025-09-05 10:55,2.3
2025-09-05 11:55,0.8
2025-09-05 12:55,0.2
2025-09-05 13:55,0.7
2025-09-05 14:55,0.2
2025-09-05 15:55,0
2025-09-05 16:55,0.2
2025-09-05 17:55,0
2025-09-05 18:55,0
2025-09-05 19:55,0.2
2025-09-05 20:55,0
2025-09-05 21:55,0
2025-09-05 22:55,0
2025-09-05 23:55,0
2025-09-06 00:55,0
2025-09-06 01:55,0
2025-09-06 02:55,0
2025-09-06 03:55,0
2025-09-06 04:55,0
2025-09-06 05:55,0
2025-09-06 06:55,0
2025-09-06 07:55,0
2025-09-06 08:55,0
2025-09-06 09:55,0
2025-09-06 10:55,0
2025-09-06 11:55,0
2025-09-06 12:55,0
2025-09-06 13:55,0
2025-09-06 14:55,0
2025-09-06 15:55,0
2025-09-06 16:55,0
2025-09-06 17:55,0
2025-09-06 18:55,0
2025-09-06 19:55,0
2025-09-06 20:55,0
2025-09-06 21:55,0
2025-09-06 22:55,0
2025-09-06 23:55,0
2025-09-07 00:55,0
2025-09-07 01:55,0
2025-09-07 02:55,0
2025-09-07 03:55,0
2025-09-07 04:55,0
2025-09-07 05:55,0
2025-09-07 06:55,0
2025-09-07 07:55,0
2025-09-07 08:55,0
2025-09-07 09:55,0
2025-09-07 10:55,0
2025-09-07 11:55,0
2025-09-07 12:55,0
2025-09-07 13:55,0
2025-09-07 14:55,0
2025-09-07 15:55,0
2025-09-07 16:55,0
2025-09-07 17:55,0
2025-09-07 18:55,0
2025-09-07 19:55,0
2025-09-07 20:55,0
2025-09-07 21:55,0
2025-09-07 22:55,0
2025-09-07 23:55,0
2025-09-08 00:55,0
2025-09-08 01:55,0
2025-09-08 02:55,0
2025-09-08 03:55,0
2025-09-08 04:55,0
2025-09-08 05:55,0
2025-09-08 06:55,0
2025-09-08 07:55,0
2025-09-08 08:55,0
2025-09-08 09:55,0
2025-09-08 10:55,0
2025-09-08 11:55,0
2025-09-08 12:55,0
2025-09-08 13:55,0
2025-09-08 14:55,0
2025-09-08 15:55,0
2025-09-08 16:55,0
2025-09-08 17:55,0
2025-09-08 18:55,0
2025-09-08 19:55,0
2025-09-08 20:55,0
2025-09-08 21:55,0
2025-09-08 22:55,0
2025-09-08 23:55,0
2025-09-09 00:55,0
2025-09-09 01:55,0
2025-09-09 02:55,0
2025-09-09 03:55,0
2025-09-09 04:55,0
2025-09-09 05:55,0
2025-09-09 06:55,0
2025-09-09 07:55,0
2025-09-09 08:55,0
2025-09-09 09:55,0
2025-09-09 10:55,0
2025-09-09 11:55,0
2025-09-09 12:55,0
2025-09-09 13:55,0
2025-09-09 14:55,0
2025-09-09 15:55,0
2025-09-09 16:55,0
2025-09-09 17:55,0
2025-09-09 18:55,0
2025-09-09 19:55,0
2025-09-09 20:55,0
2025-09-09 21:55,0
2025-09-09 22:55,0
2025-09-09 23:55,0
2025-09-10 00:55,0
2025-09-10 01:55,0
2025-09-10 02:55,0
2025-09-10 03:55,0
2025-09-10 04:55,0
2025-09-10 05:55,0
2025-09-10 06:55,0
2025-09-10 07:55,0
2025-09-10 08:55,0
2025-09-10 09:55,0
2025-09-10 10:55,0
2025-09-10 11:55,0
2025-09-10 12:55,0
2025-09-10 13:55,0
2025-09-10 14:55,0
2025-09-10 15:55,0
2025-09-10 16:55,0
2025-09-10 17:55,0
2025-09-10 18:55,0
2025-09-10 19:55,0
2025-09-10 20:55,0
2025-09-10 21:55,0
2025-09-10 22:55,0
2025-09-10 23:55,0
2025-09-11 00:55,0
2025-09-11 01:55,0
2025-09-11 02:55,0
2025-09-11 03:55,2.5
2025-09-11 04:55,0.4
2025-09-11 05:55,0.2
2025-09-11 06:55,0.4
2025-09-11 07:55,0.4
2025-09-11 08:55,1.7
2025-09-11 09:55,0.5
2025-09-11 10:55,0.3
2025-09-11 11:00,0.2
2025-09-11 11:00,0.2
2025-09-11 13:55,0
2025-09-11 14:55,0
2025-09-11 15:55,0
2025-09-11 16:55,0
2025-09-11 17:55,0
2025-09-11 18:55,0
2025-09-11 19:55,0
2025-09-11 20:55,0
2025-09-11 21:55,0
2025-09-11 22:55,0
2025-09-11 23:55,0
2025-09-12 00:55,0
2025-09-12 01:55,0
2025-09-12 02:55,0
2025-09-12 03:55,0
2025-09-12 04:55,0
2025-09-12 05:55,0.1
2025-09-12 06:55,0.1
2025-09-12 07:55,0
2025-09-12 08:55,0
2025-09-12 09:00,0
2025-09-12 09:00,0
2025-09-12 09:00,0
2025-09-12 09:00,0
2025-09-12 09:00,0
2025-09-12 14:55,0
2025-09-12 15:55,0
2025-09-12 16:55,0
2025-09-12 17:55,0
2025-09-12 18:55,0
2025-09-12 19:55,0
2025-09-12 20:55,0.9
2025-09-12 21:55,0
2025-09-12 22:55,0.2
2025-09-12 23:55,0
2025-09-13 00:55,0
2025-09-13 01:55,0
2025-09-13 02:55,0
2025-09-13 03:55,0
2025-09-13 04:55,0
2025-09-13 05:55,0.8
2025-09-13 06:55,0
2025-09-13 07:55,0
2025-09-13 08:55,0
2025-09-13 09:55,0
2025-09-13 10:55,0
2025-09-13 11:55,0
2025-09-13 12:55,0
2025-09-13 13:55,0
2025-09-13 14:55,0
2025-09-13 15:55,0
2025-09-13 16:55,0
2025-09-13 17:55,0
2025-09-13 18:55,0
2025-09-13 19:55,0
2025-09-13 20:55,0
2025-09-13 21:55,2.6
2025-09-13 22:55,0.5
2025-09-13 23:55,0
2025-09-14 00:55,0
2025-09-14 01:55,0
2025-09-14 02:55,0.3
2025-09-14 03:55,0
2025-09-14 04:55,0
2025-09-14 05:55,0
2025-09-14 06:55,0
2025-09-14 07:55,0
2025-09-14 08:55,0.7
2025-09-14 09:55,0.1
2025-09-14 10:55,1.8
2025-09-14 11:55,0.3
2025-09-14 12:55,0.3
2025-09-14 13:55,3.1
2025-09-14 14:55,0.2
2025-09-14 15:55,0
2025-09-14 16:55,0
2025-09-14 17:55,0
2025-09-14 18:55,0
2025-09-14 19:55,0
2025-09-14 20:55,0
2025-09-14 21:55,0
2025-09-14 22:55,0
2025-09-14 23:55,0
2025-09-15 00:55,0
2025-09-15 01:55,0
2025-09-15 02:55,0
2025-09-15 03:55,0
2025-09-15 04:55,0
2025-09-15 05:55,0
2025-09-15 06:55,0
2025-09-15 07:55,0
2025-09-15 08:55,0
2025-09-15 09:55,0
2025-09-15 10:55,0
2025-09-15 11:55,0.3
2025-09-15 12:55,0.1
2025-09-15 13:55,1.1
2025-09-15 14:55,1
2025-09-15 15:55,0
2025-09-15 16:55,0
2025-09-15 17:55,0
2025-09-15 18:55,0
2025-09-15 19:55,0
2025-09-15 20:55,2
2025-09-15 21:55,0.2
2025-09-15 22:55,0
2025-09-15 23:55,0
2025-09-16 00:55,0
2025-09-16 01:55,0
2025-09-16 02:55,0
2025-09-16 03:55,0                                                                                                                                                                                                                                                                                                                                                                                                                                                                                     2025-09-17 03:55,0
2025-09-17 04:55,0
2025-09-17 05:55,0
2025-09-17 06:55,1.6
2025-09-17 07:55,0
2025-09-17 08:55,0
2025-09-17 09:55,0
2025-09-17 10:55,0
2025-09-17 11:55,0
2025-09-17 12:55,0
2025-09-17 13:55,0
2025-09-17 14:55,0
2025-09-17 15:55,0.1
2025-09-17 16:55,0
2025-09-17 17:55,0
2025-09-17 18:55,0
2025-09-17 19:55,0
2025-09-17 20:55,0
2025-09-17 21:55,0
2025-09-17 22:55,0
2025-09-17 23:55,0
2025-09-18 00:55,0
2025-09-18 01:55,0
2025-09-18 02:55,0
2025-09-18 03:55,0
2025-09-18 04:55,0
2025-09-18 05:55,0.1
2025-09-18 06:55,0.1
2025-09-18 07:55,0.1
2025-09-18 08:55,0.2
2025-09-18 09:55,0
2025-09-18 10:55,0
2025-09-18 11:55,0
2025-09-18 12:55,0
2025-09-18 13:55,0
2025-09-18 14:55,0
2025-09-18 15:55,0
2025-09-18 16:55,0
2025-09-18 17:55,0
2025-09-18 18:55,0
2025-09-18 19:55,0
2025-09-18 20:55,1.1
2025-09-18 21:55,1.4
2025-09-18 22:55,0
2025-09-18 23:55,0
2025-09-19 00:55,0
2025-09-19 01:55,0
2025-09-19 02:55,0
2025-09-19 03:55,0
2025-09-19 04:55,0
2025-09-19 05:55,0
2025-09-19 06:55,0
2025-09-19 07:55,0
2025-09-19 08:55,0
2025-09-19 09:55,0
2025-09-19 10:55,0
2025-09-19 11:55,0
2025-09-19 12:55,0
2025-09-19 13:55,0
2025-09-19 14:55,0
2025-09-19 15:55,0
2025-09-19 16:55,0.3
2025-09-19 17:55,0
2025-09-19 18:55,0
2025-09-19 19:55,0.2
2025-09-19 20:55,0
2025-09-19 21:55,0
2025-09-19 22:55,0
2025-09-19 23:55,0
2025-09-20 00:55,0
2025-09-20 01:55,0
2025-09-20 02:55,0
2025-09-20 03:55,0
2025-09-20 04:55,0
2025-09-20 05:55,0
2025-09-20 06:55,0
2025-09-20 07:55,0
2025-09-20 08:55,0
2025-09-20 09:55,0
2025-09-20 10:55,0
2025-09-20 11:55,0
2025-09-20 12:55,0
2025-09-20 13:55,0
2025-09-20 14:55,0
2025-09-20 15:55,0
2025-09-20 16:55,0
2025-09-20 17:55,0
2025-09-20 18:55,0
2025-09-20 19:55,0
2025-09-20 20:55,0.2
2025-09-20 21:55,1.7
2025-09-20 22:55,0
2025-09-20 23:55,0
2025-09-21 00:55,0
2025-09-21 01:55,0
2025-09-21 02:55,0
2025-09-21 03:55,0
2025-09-21 04:55,0
2025-09-21 05:55,0
2025-09-21 06:55,0
2025-09-21 07:55,0.6
2025-09-21 08:55,0
2025-09-21 09:55,0
2025-09-21 10:55,0
2025-09-21 11:55,0
2025-09-21 12:55,0
2025-09-21 13:55,0
2025-09-21 14:55,0
2025-09-21 15:55,0
2025-09-21 16:55,0
2025-09-21 17:55,0
2025-09-21 18:55,0
2025-09-21 19:55,0
2025-09-21 20:55,0.2
2025-09-21 21:55,0.5
2025-09-21 22:55,0
2025-09-21 23:55,0
2025-09-22 00:55,0
2025-09-22 01:55,0
2025-09-22 02:55,0
2025-09-22 03:55,0
2025-09-22 04:55,0
2025-09-22 05:55,0
2025-09-22 06:55,0
2025-09-22 07:55,0
2025-09-22 08:55,0
2025-09-22 09:55,0
2025-09-22 10:55,0
2025-09-22 11:55,0
2025-09-22 12:55,0
2025-09-22 13:10,0
2025-09-22 13:55,0
2025-09-22 13:55,0
2025-09-22 16:55,0
2025-09-22 17:55,0
2025-09-22 18:55,0
2025-09-22 19:55,0
2025-09-22 20:55,0
2025-09-22 21:55,0
2025-09-22 22:55,0
2025-09-22 23:55,0
2025-09-23 00:55,0
2025-09-23 01:55,0
2025-09-23 02:55,0
2025-09-23 03:55,0
2025-09-23 04:55,0
2025-09-23 05:55,0
2025-09-23 06:55,0
2025-09-23 07:55,0
2025-09-23 08:55,0
2025-09-23 09:55,0
2025-09-23 10:55,0
2025-09-23 11:55,0
2025-09-23 12:55,0
2025-09-23 13:55,0
2025-09-23 14:55,0
2025-09-23 15:55,0
2025-09-23 16:55,0
2025-09-23 17:55,0
2025-09-23 18:55,0
2025-09-23 19:55,0
2025-09-23 20:55,0
2025-09-23 21:55,0
2025-09-23 22:55,0
2025-09-23 23:55,0
2025-09-24 00:55,0
2025-09-24 01:55,0
2025-09-24 02:55,0
2025-09-24 03:55,0
2025-09-24 04:55,0
2025-09-24 05:55,0
2025-09-24 06:55,0
2025-09-24 07:55,0
2025-09-24 08:55,0
2025-09-24 09:55,0
2025-09-24 10:55,0
2025-09-24 11:55,0
2025-09-24 12:55,0
2025-09-24 13:55,0
2025-09-24 14:55,0
2025-09-24 15:55,0
2025-09-24 16:55,0
2025-09-24 17:55,0
2025-09-24 18:55,0
2025-09-24 19:55,0
2025-09-24 20:55,0
2025-09-24 21:55,0
2025-09-24 22:55,0
2025-09-24 23:55,0
2025-09-25 00:55,0
2025-09-25 01:55,0
2025-09-25 02:55,0
2025-09-25 03:55,0
2025-09-25 04:55,0
2025-09-25 05:55,0
2025-09-25 06:55,0
2025-09-25 07:55,0
2025-09-25 08:55,0.1
2025-09-25 09:55,0
2025-09-25 10:55,0
2025-09-25 11:55,0
2025-09-25 12:55,0
2025-09-25 13:55,0
2025-09-25 14:55,0
2025-09-25 15:55,0
2025-09-25 16:55,0
2025-09-25 17:55,0
2025-09-25 18:55,0
2025-09-25 19:55,0
2025-09-25 20:55,0
2025-09-25 21:55,0
2025-09-25 22:55,0
2025-09-25 23:55,0
2025-09-26 00:55,0
2025-09-26 01:55,0
2025-09-26 02:55,0
2025-09-26 03:55,0
2025-09-26 04:55,0
2025-09-26 05:55,0
2025-09-26 06:55,0
2025-09-26 07:55,0
2025-09-26 08:55,0
2025-09-26 09:55,0
2025-09-26 10:55,0
2025-09-26 11:55,0
2025-09-26 12:55,0
2025-09-26 13:55,0
2025-09-26 14:55,0
2025-09-26 15:55,0
2025-09-26 16:55,0
2025-09-26 17:55,0
2025-09-26 18:55,0
2025-09-26 19:55,0
2025-09-26 20:55,0
2025-09-26 21:55,0
2025-09-26 22:55,0
2025-09-26 23:55,0
2025-09-27 00:55,0
2025-09-27 01:55,0
2025-09-27 02:55,0
2025-09-27 03:55,0
2025-09-27 04:55,0
2025-09-27 05:55,0
2025-09-27 06:55,0
2025-09-27 07:55,0
2025-09-27 08:55,0
2025-09-27 09:55,0
2025-09-27 10:55,0
2025-09-27 11:55,0
2025-09-27 12:55,0
2025-09-27 13:55,0
2025-09-27 14:55,0
2025-09-27 15:55,0
2025-09-27 16:55,0
2025-09-27 17:55,0
2025-09-27 18:55,0
2025-09-27 19:55,0
2025-09-27 20:55,0
2025-09-27 21:55,0
2025-09-27 22:55,0
2025-09-27 23:55,0
2025-09-28 00:55,0
2025-09-28 01:55,0
2025-09-28 02:55,0
2025-09-28 03:55,0
2025-09-28 04:55,0
2025-09-28 05:55,0
2025-09-28 06:55,0
2025-09-28 07:55,0
2025-09-28 08:55,0
2025-09-28 09:55,0
2025-09-28 10:55,0
2025-09-28 11:55,0
2025-09-28 12:55,0
2025-09-28 13:55,0
2025-09-28 14:55,0
2025-09-28 15:55,0
2025-09-28 16:55,0
2025-09-28 17:55,0
2025-09-28 18:55,0
2025-09-28 19:55,0
2025-09-28 20:55,0
2025-09-28 21:55,0
2025-09-28 22:55,0
2025-09-28 23:55,0
2025-09-29 00:55,0
2025-09-29 01:55,0
2025-09-29 02:55,0
2025-09-29 03:55,0
2025-09-29 04:55,0
2025-09-29 05:55,0
2025-09-29 06:55,0
2025-09-29 07:55,0
2025-09-29 08:55,0
2025-09-29 09:55,0
2025-09-29 10:55,0
2025-09-29 11:55,0
2025-09-29 12:55,0
2025-09-29 13:55,0
2025-09-29 14:55,0
2025-09-29 15:55,0
2025-09-29 16:55,0
2025-09-29 17:55,0
2025-09-29 18:55,0
2025-09-29 19:55,0
2025-09-29 20:55,0
2025-09-29 21:55,0
2025-09-29 22:55,0
2025-09-29 23:55,0
2025-09-30 00:55,0
2025-09-30 01:55,0
2025-09-30 02:55,0
2025-09-30 03:55,0
2025-09-30 04:55,0
2025-09-30 05:55,0
2025-09-30 06:55,0
2025-09-30 07:55,0
2025-09-30 08:55,0
2025-09-30 09:55,0
2025-09-30 10:55,0
2025-09-30 11:55,0
2025-09-30 12:55,0
2025-09-30 13:55,0
2025-09-30 14:55,0
2025-09-30 15:55,0
2025-09-30 16:55,0
2025-09-30 17:55,0
2025-09-30 18:55,0
2025-09-30 19:55,0
2025-09-30 20:55,0
2025-09-30 21:55,0
2025-09-30 22:55,0
2025-09-30 23:55,0
2025-10-01 00:55,0
2025-10-01 01:55,0
2025-10-01 02:55,0
2025-10-01 18:00,0
2025-10-01 18:55,0
2025-10-01 19:55,0
2025-10-01 20:55,0
2025-10-01 21:55,0
2025-10-01 22:55,0
2025-10-01 23:55,0
2025-10-02 00:55,0
2025-10-02 01:55,0
2025-10-02 02:55,0
2025-10-02 03:55,0
2025-10-02 04:55,0
2025-10-02 05:55,0
2025-10-02 06:55,0.2
2025-10-02 07:55,0
2025-10-02 08:55,0
2025-10-02 09:55,0
2025-10-02 10:55,0
2025-10-02 11:55,0
2025-10-02 12:55,0
2025-10-02 13:55,0
2025-10-02 14:55,0
2025-10-02 15:55,0
2025-10-02 16:55,0
2025-10-02 17:55,0
2025-10-02 18:55,0
2025-10-02 19:55,0
2025-10-02 20:55,0
2025-10-02 21:55,0
2025-10-02 22:55,0
2025-10-02 23:55,0
2025-10-03 00:55,0
2025-10-03 01:55,0
2025-10-03 02:55,0
2025-10-03 03:55,0
2025-10-03 04:55,0
2025-10-03 05:55,0
2025-10-03 06:55,0
2025-10-03 07:55,0
2025-10-03 08:55,0.1
2025-10-03 09:55,0
2025-10-03 10:55,0
2025-10-03 11:55,0
2025-10-03 12:55,0
2025-10-03 13:55,0
2025-10-03 14:55,0
2025-10-03 15:55,0
2025-10-03 16:55,0
2025-10-03 17:55,0
2025-10-03 18:55,0
2025-10-03 19:55,0
2025-10-03 20:55,0
2025-10-03 21:55,0
2025-10-03 22:55,0
2025-10-03 23:55,0
2025-10-04 00:55,0
2025-10-04 01:55,0
2025-10-04 02:55,0
2025-10-04 03:55,0
2025-10-04 04:55,0
2025-10-04 05:55,0
2025-10-04 06:55,0.9
2025-10-04 07:55,0.3
2025-10-04 08:55,1.1
2025-10-04 09:55,1.6
2025-10-04 10:55,1.7
2025-10-04 11:55,1.3
2025-10-04 12:55,0.6
2025-10-04 13:45,0.1
2025-10-04 13:50,0.1
2025-10-04 13:55,0.1
2025-10-04 14:35,0.3
2025-10-04 14:55,0.3
2025-10-04 15:55,0.6
2025-10-04 16:55,0.2
2025-10-04 17:55,0
2025-10-04 18:55,4.1
2025-10-04 19:55,0
2025-10-04 20:55,0
2025-10-04 21:55,0
2025-10-04 22:55,0
2025-10-04 23:55,0
2025-10-05 00:55,0
2025-10-05 01:55,0
2025-10-05 02:55,0
2025-10-05 03:55,0
2025-10-05 04:55,0
2025-10-05 05:55,0.2
2025-10-05 06:55,0.8
2025-10-05 07:55,0.1
2025-10-05 08:55,0.1
2025-10-05 09:55,0
2025-10-05 10:55,0
2025-10-05 11:55,0.3
2025-10-05 12:55,0.5
2025-10-05 13:55,0
2025-10-05 14:55,0.5
2025-10-05 15:55,0.2
2025-10-05 16:55,0
2025-10-05 17:55,0.3
2025-10-05 18:55,0.6
2025-10-05 19:55,0
2025-10-05 20:55,0.1
2025-10-05 21:55,0
2025-10-05 22:55,0
2025-10-05 23:55,0
2025-10-06 00:55,0
2025-10-06 01:55,0
2025-10-06 02:55,0
2025-10-06 03:55,0
2025-10-06 04:55,0
2025-10-06 05:55,0
2025-10-06 06:55,0
2025-10-06 07:55,0
2025-10-06 08:55,0
2025-10-06 09:55,0
2025-10-06 10:55,0
2025-10-06 11:55,0
2025-10-06 12:55,0
2025-10-06 13:55,0
2025-10-06 14:55,0
2025-10-06 15:55,0
2025-10-06 16:55,0
2025-10-06 17:55,0
2025-10-06 18:55,0
2025-10-06 19:55,0
2025-10-06 20:55,0
2025-10-06 21:55,0
2025-10-06 22:55,0
2025-10-06 23:55,0
2025-10-07 00:55,0
2025-10-07 01:55,0
2025-10-07 02:55,0
2025-10-07 03:55,0
2025-10-07 04:55,0
2025-10-07 05:55,0
2025-10-07 06:55,0
2025-10-07 07:55,0
2025-10-07 08:55,0
2025-10-07 09:55,0
2025-10-07 10:55,0
2025-10-07 11:55,0.4
2025-10-07 12:55,0
2025-10-07 13:55,0.4
2025-10-07 14:55,0.4
2025-10-07 15:55,0.5
2025-10-07 16:55,0.3
2025-10-07 17:55,0.5
2025-10-07 18:55,0
2025-10-07 19:55,0
2025-10-07 20:55,0
2025-10-07 21:55,0
2025-10-07 22:55,0
2025-10-07 23:55,0
2025-10-08 00:55,0
2025-10-08 01:55,0
2025-10-08 02:55,0
2025-10-08 20:55,0
2025-10-08 21:55,0
2025-10-08 22:55,0
2025-10-08 23:55,0
2025-10-09 00:55,0
2025-10-09 01:55,0
2025-10-09 02:55,0
2025-10-09 03:55,0
2025-10-09 04:55,0
2025-10-09 05:55,0
2025-10-09 06:55,0.1
2025-10-09 07:55,0
2025-10-09 08:55,0
2025-10-09 09:55,0
2025-10-09 10:55,0
2025-10-09 11:55,0
2025-10-09 12:55,0
2025-10-09 13:55,0
2025-10-09 14:55,0
2025-10-09 15:55,0.8
2025-10-09 16:55,1.2
2025-10-09 17:55,0.1
2025-10-09 18:55,0
2025-10-09 19:55,0
2025-10-09 20:55,0
2025-10-09 21:55,0
2025-10-09 22:55,0
2025-10-09 23:55,0
2025-10-10 00:55,0
2025-10-10 01:55,0
2025-10-10 02:55,0
2025-10-10 03:55,0
2025-10-10 04:55,0
2025-10-10 05:55,0
2025-10-10 06:55,0
2025-10-10 07:55,0
2025-10-10 08:55,0
2025-10-10 09:55,0
2025-10-10 10:55,0
2025-10-10 11:55,0
2025-10-10 12:55,0
2025-10-10 13:55,0
2025-10-10 14:55,0
2025-10-10 15:55,0
2025-10-10 16:55,0
2025-10-10 17:55,0
2025-10-10 18:55,0
2025-10-10 19:55,0
2025-10-10 20:55,0
2025-10-10 21:55,0
2025-10-10 22:55,0
2025-10-10 23:55,0
2025-10-11 00:55,0
2025-10-11 01:55,0
2025-10-11 02:55,0
2025-10-11 03:55,0
2025-10-11 04:55,0
2025-10-11 05:55,0
2025-10-11 06:55,0
2025-10-11 07:55,0
2025-10-11 08:55,0
2025-10-11 09:55,0
2025-10-11 10:55,0
2025-10-11 11:55,0
2025-10-11 12:55,0
2025-10-11 13:55,0
2025-10-11 14:55,0
2025-10-11 15:55,0
2025-10-11 16:55,0
2025-10-11 17:55,0
2025-10-11 18:55,0
2025-10-11 19:55,0
2025-10-11 20:55,0
2025-10-11 21:55,0
2025-10-11 22:55,0
2025-10-11 23:55,0
2025-10-12 00:55,0
2025-10-12 01:55,0
2025-10-12 02:55,0
2025-10-12 03:55,0
2025-10-12 04:55,0
2025-10-12 05:55,0
2025-10-12 06:55,0
2025-10-12 07:55,0
2025-10-12 08:55,0
2025-10-12 09:55,0
2025-10-12 10:55,0
2025-10-12 11:55,0
2025-10-12 12:55,0
2025-10-12 13:55,0
2025-10-12 14:55,0
2025-10-12 15:55,0
2025-10-12 16:55,0
2025-10-12 17:55,0
2025-10-12 18:55,0
2025-10-12 19:55,0
2025-10-12 20:55,0
2025-10-12 21:55,0
2025-10-12 22:55,0
2025-10-12 23:55,0
2025-10-13 00:55,0
2025-10-13 01:55,0
2025-10-13 02:55,0
2025-10-13 03:55,0
2025-10-13 04:55,0
2025-10-13 05:55,0
2025-10-13 06:55,0
2025-10-13 07:55,0
2025-10-13 08:55,0
2025-10-13 09:55,0
2025-10-13 10:55,0
2025-10-13 11:55,0
2025-10-13 12:55,0
2025-10-13 13:55,0
2025-10-13 14:55,0
2025-10-13 15:55,0
2025-10-13 16:55,0
2025-10-13 17:55,0
2025-10-13 18:55,0
2025-10-13 19:55,0
2025-10-13 20:55,0
2025-10-13 21:55,0
2025-10-13 22:55,0
2025-10-13 23:55,0
2025-10-14 00:55,0
2025-10-14 01:55,0
2025-10-14 02:55,0
2025-10-14 03:55,0
2025-10-14 04:55,0
2025-10-14 05:55,0
2025-10-14 06:55,0
2025-10-14 07:55,0
2025-10-14 08:55,0
2025-10-14 09:55,0
2025-10-14 10:55,0
2025-10-14 11:55,0
2025-10-14 12:55,0
2025-10-14 13:55,0
2025-10-14 14:55,0
2025-10-14 15:55,0
2025-10-14 16:55,0
2025-10-14 17:55,0
2025-10-14 18:55,0
2025-10-14 19:55,0
2025-10-14 20:55,0
2025-10-14 21:55,0
2025-10-14 22:55,0
2025-10-14 23:55,0
2025-10-15 00:55,0
2025-10-15 01:55,0
2025-10-15 02:55,0
2025-10-15 03:55,0
2025-10-15 20:40,0
2025-10-15 20:55,0
2025-10-15 21:55,0
2025-10-15 22:55,0
2025-10-15 23:55,0
2025-10-16 00:55,0
2025-10-16 01:55,0
2025-10-16 02:55,0
2025-10-16 03:55,0
2025-10-16 04:55,0
2025-10-16 05:55,0
2025-10-16 06:55,0
2025-10-16 07:55,0
2025-10-16 08:55,0
2025-10-16 09:55,0
2025-10-16 10:55,0.2
2025-10-16 11:55,0
2025-10-16 12:55,0
2025-10-16 13:55,0
2025-10-16 14:55,0
2025-10-16 15:55,0
2025-10-16 16:55,0
2025-10-16 17:55,0
2025-10-16 18:55,0
2025-10-16 19:55,0
2025-10-16 20:55,0
2025-10-16 21:55,0
2025-10-16 22:55,0
2025-10-16 23:55,0
2025-10-17 00:55,0
2025-10-17 01:55,0
2025-10-17 02:55,0
2025-10-17 03:55,0
2025-10-17 04:55,0
2025-10-17 05:55,0
2025-10-17 06:55,0
2025-10-17 07:55,0
2025-10-17 08:55,0
2025-10-17 09:55,0
2025-10-17 10:55,0
2025-10-17 11:55,0
2025-10-17 12:55,0
2025-10-17 13:55,0
2025-10-17 14:55,0.3
2025-10-17 15:55,0.1
2025-10-17 16:55,0
2025-10-17 17:55,0
2025-10-17 18:55,0
2025-10-17 19:55,0
2025-10-17 20:55,0
2025-10-17 21:55,0
2025-10-17 22:55,0
2025-10-17 23:55,0
2025-10-18 00:55,0
2025-10-18 01:55,0
2025-10-18 02:55,0
2025-10-18 03:55,0
2025-10-18 04:10,0
2025-10-18 05:55,0
2025-10-18 06:55,0
2025-10-18 07:55,0
2025-10-18 08:55,0
2025-10-18 09:55,0
2025-10-18 10:55,0.2
